ID_Cliente,Idade,Renda_Mensal (R$),Emprego_Fixo,Tempo_Emprego (anos),Historico_Inadimplencia,Divida_Atual (R$),Qtd_Cartoes_Credito,Score_Credito_Interno,Concede_Credito
1,56,1831.39,Sim,15.0,0,2068.24,3,410.0,Não
2,69,6777.2,Sim,4.4,0,2837.5,2,744.0,Sim
3,46,3738.83,Não,2.9,0,4784.97,1,477.0,Não
4,32,8674.18,Não,4.3,0,1277.35,5,541.0,Sim
5,60,7916.5,Sim,3.6,0,2486.69,5,636.0,Não
6,25,4650.3,Sim,7.1,1,0.0,1,480.0,Não
7,38,5715.33,Sim,1.7,0,0.0,2,451.0,Não
8,56,4351.97,Não,2.2,0,3267.16,1,388.0,Não
9,36,6843.3,Não,11.2,0,1991.66,1,672.0,Sim
10,40,9387.86,Sim,14.6,0,3767.77,5,545.0,Sim
11,28,4535.68,Sim,11.2,1,0.0,2,850.0,Sim
12,28,8260.12,Não,2.7,0,2779.85,3,501.0,Sim
13,41,5674.36,Não,7.6,0,4803.23,5,508.0,Sim
14,70,5017.82,Sim,3.2,1,2629.56,3,543.0,Não
15,53,6732.42,Sim,3.4,0,2414.87,2,624.0,Sim
16,57,4411.89,Sim,1.1,0,2012.83,1,553.0,Sim
17,41,5615.88,Sim,4.5,2,0.0,4,661.0,Não
18,20,4005.31,Sim,1.0,3,4033.36,4,502.0,Não
19,39,11911.81,Sim,2.0,1,1083.71,2,462.0,Não
20,70,7088.16,Não,9.7,1,2756.72,4,420.0,Não
21,19,5250.69,Sim,1.2,1,0.0,3,378.0,Não
22,41,7534.95,Não,0.4,1,230.81,4,548.0,Não
23,61,6719.18,Sim,0.4,0,4152.63,2,570.0,Não
24,47,6447.58,Sim,14.1,1,1479.05,2,537.0,Não
25,55,8535.42,Sim,3.5,1,4179.91,3,724.0,Sim
26,19,8893.77,Sim,2.6,0,1882.65,4,723.0,Sim
27,38,5673.75,Não,8.3,1,0.0,4,567.0,Não
28,50,5560.45,Não,9.0,1,3338.1,1,421.0,Não
29,29,6312.37,Sim,2.0,0,1115.16,5,543.0,Não
30,39,1245.2,Sim,5.9,0,3048.03,2,540.0,Não
31,61,3212.02,Não,7.4,0,2037.82,1,534.0,Sim
32,42,10417.19,Sim,5.3,0,0.0,2,530.0,Sim
33,66,11112.42,Sim,0.8,0,2246.44,1,535.0,Sim
34,44,6377.41,Não,10.4,0,5294.33,5,561.0,Não
35,59,8441.39,Sim,3.9,0,2739.48,1,536.0,Não
36,45,7778.13,Sim,1.7,2,1913.72,2,621.0,Não
37,33,14697.2,Sim,2.8,1,3613.02,4,636.0,Sim
38,32,9798.94,Não,0.2,1,2316.0,2,509.0,Não
39,64,6680.21,Sim,0.7,1,2314.3,3,727.0,Não
40,68,4611.15,Sim,7.3,1,362.56,3,502.0,Sim
41,61,2983.88,Não,0.0,1,2350.77,3,438.0,Não
42,72,7508.66,Sim,2.7,0,3553.17,3,638.0,Não
43,69,5109.12,Não,3.7,1,745.91,5,518.0,Sim
44,74,3444.37,Sim,0.3,0,4136.74,4,632.0,Não
45,20,5383.57,Não,18.1,1,1862.44,4,360.0,Não
46,54,4296.13,Sim,1.3,1,668.35,2,739.0,Não
47,68,11217.85,Sim,1.8,0,3496.45,1,667.0,Sim
48,24,9204.1,Sim,1.8,0,1569.81,2,450.0,Não
49,38,6980.07,Sim,1.3,0,3139.27,2,452.0,Não
50,26,10699.86,Não,0.0,0,1562.36,2,767.0,Não
51,56,7193.42,Não,6.5,0,1910.26,2,526.0,Não
52,35,4846.79,Sim,17.0,0,2740.34,4,517.0,Não
53,21,10807.81,Sim,1.3,2,2436.35,1,373.0,Não
54,42,8347.28,Não,5.4,0,0.0,2,565.0,Sim
55,31,4406.88,Não,6.8,0,318.13,4,577.0,Sim
56,67,6524.15,Sim,9.4,0,3394.11,2,672.0,Sim
57,26,4810.95,Sim,2.7,1,1801.8,3,460.0,Não
58,43,3543.0,Sim,1.8,0,1214.4,2,448.0,Não
59,70,9315.44,Sim,2.0,0,0.0,2,645.0,Não
60,19,11773.54,Sim,6.2,0,380.4,5,701.0,Sim
61,37,3503.58,Sim,8.5,2,0.0,3,443.0,Não
62,45,8407.42,Sim,1.0,0,1848.08,1,708.0,Sim
63,64,5373.39,Não,2.3,2,1102.34,2,604.0,Sim
64,24,5782.19,Sim,11.6,0,550.12,1,709.0,Sim
65,61,5519.02,Sim,8.2,0,1897.81,3,593.0,Sim
66,25,4840.02,Sim,21.0,0,2545.96,2,348.0,Não
67,64,7121.3,Sim,7.0,0,5139.8,5,585.0,Não
68,52,4922.62,Sim,2.5,0,0.0,4,706.0,Sim
69,31,7676.14,Sim,4.5,0,3739.07,5,511.0,Não
70,34,6874.4,Sim,5.4,0,3459.65,5,561.0,Sim
71,53,6402.63,Sim,0.4,1,831.36,4,582.0,Sim
72,67,4731.09,Sim,3.9,0,2304.85,4,310.0,Não
73,57,5558.07,Sim,6.2,0,1313.55,4,767.0,Sim
74,21,8888.48,Não,0.9,0,2278.53,2,510.0,Sim
75,19,8252.29,Sim,7.6,1,4263.7,1,651.0,Sim
76,23,4556.11,Não,4.4,0,2908.41,1,591.0,Sim
77,71,7248.33,Sim,15.2,1,2762.91,4,726.0,Não
78,59,8878.47,Sim,0.2,1,1354.54,5,641.0,Sim
79,21,2826.49,Sim,1.5,0,0.0,3,577.0,Sim
80,71,8358.4,Sim,4.6,0,1687.3,4,511.0,Sim
81,46,5343.44,Não,1.8,0,3809.91,5,680.0,Não
82,35,8426.5,Não,6.3,2,0.0,5,413.0,Não
83,43,5091.85,Não,7.1,0,417.37,2,665.0,Sim
84,61,2487.79,Sim,0.5,2,2189.4,2,490.0,Não
85,51,2931.14,Sim,3.6,0,523.02,1,725.0,Sim
86,27,7120.21,Sim,3.6,0,811.21,1,616.0,Sim
87,53,7649.31,Sim,2.3,1,1364.6,3,664.0,Sim
88,31,4739.21,Sim,13.5,0,0.0,3,608.0,Não
89,48,8596.48,Sim,8.8,1,538.82,3,425.0,Não
90,65,2846.2,Sim,6.0,0,3055.14,3,514.0,Não
91,32,6834.8,Sim,6.3,0,38.95,5,667.0,Sim
92,25,3972.46,Não,3.1,0,0.0,5,617.0,Sim
93,31,5370.41,Não,12.7,0,1054.96,1,718.0,Sim
94,40,7118.5,Não,5.9,0,3097.93,2,640.0,Sim
95,74,4848.97,Sim,6.5,0,1704.62,2,503.0,Não
96,57,6038.61,Sim,9.9,0,1303.13,4,520.0,Não
97,38,9515.73,Sim,1.6,2,2066.54,5,610.0,Sim
98,33,5557.77,Não,8.2,0,0.0,3,369.0,Não
99,62,9089.23,Sim,1.1,0,2742.06,3,767.0,Sim
100,35,4175.73,Sim,2.1,0,2575.15,4,644.0,Sim
101,64,8324.51,Não,2.0,0,1386.04,2,723.0,Sim
102,70,10603.92,Sim,19.2,1,3508.89,3,442.0,Não
103,41,1000.0,Sim,9.7,0,308.76,2,724.0,Sim
104,43,5007.76,Sim,6.0,0,3691.86,4,823.0,Sim
105,42,8442.68,Sim,6.5,1,2231.74,2,468.0,Não
106,62,6492.39,Sim,4.1,1,1495.17,2,677.0,Sim
107,58,7927.86,Sim,14.7,2,1970.19,2,600.0,Não
108,46,5490.04,Sim,3.4,0,1839.1,3,446.0,Não
109,32,7216.47,Sim,2.4,0,3830.42,1,649.0,Sim
110,62,6610.81,Não,0.9,0,384.98,5,683.0,Sim
111,18,9919.46,Sim,7.7,1,856.22,2,540.0,Sim
112,42,7636.05,Sim,6.6,1,3554.45,2,717.0,Não
113,24,7844.01,Sim,2.4,0,1106.7,2,433.0,Não
114,26,5970.31,Não,0.1,0,3350.8,1,451.0,Não
115,41,5780.98,Sim,9.1,1,4549.15,4,614.0,Não
116,18,5918.6,Sim,0.1,1,1397.31,3,603.0,Sim
117,61,7986.13,Não,6.1,0,3022.04,1,528.0,Sim
118,25,5947.54,Não,17.6,1,269.46,2,681.0,Sim
119,41,7724.44,Sim,2.9,3,3132.1,1,653.0,Não
120,28,12188.5,Não,1.3,0,2299.14,1,686.0,Sim
121,68,9177.81,Sim,6.1,1,2709.56,1,588.0,Sim
122,34,6184.94,Sim,8.5,0,1031.64,4,660.0,Sim
123,25,10003.03,Sim,4.0,1,0.0,5,555.0,Não
124,52,5979.81,Sim,17.1,0,2754.88,3,805.0,Sim
125,52,1904.69,Não,0.3,0,0.0,4,519.0,Não
126,50,4479.78,Sim,3.5,0,1523.97,4,811.0,Sim
127,22,2323.02,Sim,6.3,1,3411.77,5,603.0,Não
128,59,6121.22,Não,9.9,2,2287.85,4,462.0,Não
129,56,7046.05,Não,1.0,0,4922.51,1,737.0,Sim
130,58,11191.09,Sim,8.0,1,3537.66,1,613.0,Não
131,45,7817.32,Sim,4.0,1,1019.15,2,685.0,Não
132,24,6452.25,Sim,2.5,2,2040.97,4,722.0,Sim
133,26,9073.51,Não,0.7,0,1928.94,2,634.0,Sim
134,25,1472.16,Sim,10.0,1,0.0,3,541.0,Sim
135,29,7589.04,Não,0.9,1,589.4,1,698.0,Sim
136,51,8927.16,Sim,1.9,0,1158.86,3,600.0,Sim
137,50,3303.53,Sim,1.7,2,0.0,5,669.0,Não
138,65,9859.39,Sim,10.3,0,2071.24,1,385.0,Não
139,72,7846.24,Sim,5.6,1,1626.39,3,645.0,Sim
140,40,5961.78,Sim,8.0,0,0.0,5,536.0,Não
141,41,8581.95,Não,1.4,1,2606.32,3,765.0,Sim
142,54,12676.73,Sim,4.9,0,3073.81,5,662.0,Sim
143,52,7454.67,Sim,4.2,0,2340.55,5,624.0,Não
144,61,7620.55,Não,8.9,1,1513.9,1,649.0,Sim
145,57,5851.6,Sim,11.8,1,2887.16,2,500.0,Não
146,39,4875.39,Não,0.1,1,3020.33,5,762.0,Sim
147,44,9075.84,Sim,5.6,0,2461.11,5,799.0,Sim
148,52,4859.79,Sim,0.3,0,763.08,1,639.0,Sim
149,18,7178.92,Sim,4.0,0,2414.9,2,759.0,Sim
150,52,5805.86,Sim,1.7,0,3793.22,4,543.0,Não
151,54,8197.45,Não,1.8,1,1105.06,4,520.0,Sim
152,64,7834.16,Sim,2.2,1,5146.91,2,604.0,Não
153,31,9593.85,Sim,4.9,0,1211.55,3,643.0,Não
154,20,5724.96,Sim,2.0,1,2048.61,1,561.0,Sim
155,18,6325.31,Sim,6.6,0,991.27,2,654.0,Sim
156,22,4553.09,Não,2.6,0,2334.91,4,631.0,Sim
157,43,5889.27,Sim,0.4,0,0.0,5,500.0,Não
158,72,7943.25,Sim,7.7,0,1180.94,4,652.0,Sim
159,31,8892.47,Não,1.7,0,361.82,5,686.0,Sim
160,56,4694.59,Sim,2.8,1,2203.01,1,617.0,Não
161,44,9174.01,Não,5.8,0,3491.67,5,715.0,Não
162,26,10389.09,Sim,2.0,0,2969.01,2,478.0,Não
163,32,8033.59,Sim,0.3,0,0.0,5,647.0,Sim
164,32,11691.99,Sim,2.3,2,5063.1,3,483.0,Não
165,43,5065.53,Não,14.5,1,2442.92,2,489.0,Não
166,59,3888.36,Não,5.1,0,835.25,1,537.0,Sim
167,30,2553.2,Sim,5.6,0,2235.69,2,506.0,Não
168,68,10740.11,Sim,5.0,0,2264.28,3,545.0,Sim
169,49,8635.91,Sim,1.1,0,999.73,1,579.0,Sim
170,56,6861.04,Sim,2.7,0,2296.88,4,684.0,Sim
171,66,7699.92,Sim,7.0,0,1088.79,3,568.0,Sim
172,69,4186.28,Não,0.5,1,1393.46,1,441.0,Não
173,49,13114.38,Sim,1.6,0,970.58,5,714.0,Sim
174,21,7323.05,Sim,1.6,1,0.0,2,516.0,Não
175,47,7273.49,Sim,2.8,0,2218.75,1,594.0,Sim
176,54,8814.42,Sim,19.7,2,2877.95,2,645.0,Sim
177,40,8202.52,Sim,0.3,1,2772.33,5,620.0,Não
178,56,7559.71,Sim,3.7,1,3229.89,1,709.0,Sim
179,62,5023.81,Não,1.0,0,2486.51,4,648.0,Sim
180,32,8178.67,Sim,17.6,0,1200.91,3,514.0,Não
181,60,11705.06,Sim,0.6,0,3259.5,1,818.0,Sim
182,46,10363.55,Sim,2.6,1,0.0,5,619.0,Não
183,53,10982.97,Não,6.7,0,648.99,1,585.0,Não
184,30,5721.96,Não,6.1,0,553.7,2,696.0,Sim
185,49,4525.99,Sim,2.7,1,3620.08,1,625.0,Não
186,24,6685.53,Não,2.1,1,3414.18,4,640.0,Sim
187,68,7139.31,Sim,2.5,0,2730.96,1,849.0,Sim
188,39,9735.48,Sim,1.5,0,3607.89,3,572.0,Sim
189,45,2768.84,Sim,1.1,0,681.08,1,568.0,Sim
190,19,10823.88,Sim,3.3,2,2522.89,2,612.0,Sim
191,59,6604.98,Sim,1.6,0,1812.24,1,707.0,Sim
192,62,5932.8,Não,1.7,0,3270.32,4,449.0,Não
193,74,4469.74,Não,5.3,1,1827.16,5,403.0,Não
194,70,2862.86,Sim,17.3,0,1422.59,1,541.0,Não
195,23,9057.93,Sim,4.6,0,2811.36,1,437.0,Não
196,45,7183.29,Sim,0.4,1,3314.25,3,558.0,Sim
197,45,3775.1,Sim,0.4,0,997.48,4,650.0,Não
198,61,3762.3,Sim,15.1,0,1908.39,5,511.0,Não
199,61,6160.54,Sim,1.8,0,412.34,2,457.0,Não
200,37,11172.55,Sim,0.5,2,0.0,1,607.0,Não
201,47,6351.02,Não,4.6,0,2300.69,5,686.0,Sim
202,28,3242.14,Sim,4.9,0,2913.36,2,431.0,Não
203,72,6385.64,Sim,5.2,0,2393.1,4,682.0,Sim
204,45,6318.19,Não,1.6,0,0.0,4,682.0,Não
205,42,1000.0,Sim,0.1,1,1473.73,5,695.0,Sim
206,56,6864.26,Sim,16.8,0,0.0,2,722.0,Sim
207,50,6422.66,Sim,1.4,0,4054.55,4,820.0,Sim
208,18,8740.52,Sim,5.6,0,370.92,5,564.0,Sim
209,74,11622.39,Não,6.1,0,3883.11,4,611.0,Não
210,44,9816.41,Sim,4.7,0,3418.8,4,558.0,Sim
211,74,6327.78,Sim,1.9,1,649.11,4,600.0,Sim
212,69,4233.69,Não,1.6,0,300.82,3,753.0,Não
213,30,13433.4,Não,4.6,2,2525.56,2,465.0,Não
214,58,7148.05,Não,10.1,1,733.51,5,514.0,Sim
215,20,7034.82,Sim,14.7,0,2153.73,5,738.0,Sim
216,56,6939.69,Sim,0.6,0,1275.76,2,702.0,Sim
217,23,7495.21,Não,0.8,1,0.0,2,564.0,Não
218,25,6639.1,Não,14.5,0,0.0,2,685.0,Sim
219,44,5565.84,Sim,6.7,0,2340.03,2,634.0,Sim
220,26,5632.85,Sim,10.7,1,1157.66,1,750.0,Sim
221,54,6918.12,Sim,1.1,0,1170.37,5,607.0,Sim
222,50,5641.44,Não,4.4,1,3043.8,1,703.0,Sim
223,68,5217.89,Sim,6.0,2,3760.16,4,850.0,Não
224,59,7266.08,Sim,5.7,1,1591.18,4,660.0,Não
225,61,6362.56,Sim,2.6,0,1489.1,5,605.0,Não
226,41,10759.98,Sim,0.1,0,2750.21,4,672.0,Sim
227,32,1000.0,Não,4.4,0,0.0,2,563.0,Sim
228,71,9728.77,Sim,1.5,0,2334.73,1,839.0,Sim
229,49,10115.21,Não,3.0,1,2827.83,2,618.0,Não
230,49,1816.52,Não,15.8,0,3020.35,4,573.0,Não
231,41,6143.28,Sim,2.5,0,0.0,1,516.0,Não
232,58,6071.4,Sim,9.2,1,857.97,2,710.0,Sim
233,69,3481.22,Sim,1.0,0,682.61,5,687.0,Sim
234,66,5055.46,Não,5.6,0,2149.83,2,550.0,Não
235,66,4223.56,Sim,18.9,0,2721.12,4,658.0,Sim
236,69,11380.68,Sim,0.5,0,4245.07,1,449.0,Não
237,29,9339.2,Não,0.0,0,1257.55,5,618.0,Não
238,56,10178.89,Sim,2.8,0,1253.64,1,645.0,Sim
239,19,8804.18,Não,0.5,0,3724.51,5,771.0,Não
240,20,4177.37,Sim,6.9,0,2444.87,1,523.0,Sim
241,66,5688.7,Sim,12.3,0,3901.48,4,472.0,Não
242,54,8223.44,Sim,2.8,1,2433.09,5,510.0,Não
243,66,3944.68,Não,1.5,0,264.33,3,466.0,Não
244,73,8782.5,Sim,2.8,0,0.31,1,734.0,Sim
245,34,6399.19,Não,6.4,1,0.0,1,755.0,Não
246,66,6062.95,Não,0.0,0,2993.08,2,632.0,Não
247,19,8777.4,Sim,4.5,1,3782.9,5,722.0,Sim
248,19,8110.66,Não,4.8,1,4774.04,3,613.0,Sim
249,45,6097.58,Sim,5.1,1,3264.66,4,590.0,Não
250,71,9898.32,Sim,1.4,1,3744.26,2,567.0,Sim
251,40,4297.34,Sim,6.3,0,1129.98,3,569.0,Sim
252,54,8539.84,Não,0.5,1,265.38,5,445.0,Não
253,49,8482.75,Sim,1.1,0,3275.12,3,626.0,Não
254,50,6226.13,Sim,10.5,1,2626.52,1,596.0,Sim
255,18,7815.33,Sim,6.7,0,2161.17,1,675.0,Sim
256,36,3872.22,Sim,0.1,0,2581.06,2,609.0,Sim
257,19,9310.07,Sim,1.4,1,2484.78,5,584.0,Sim
258,70,6537.74,Não,1.2,0,3925.73,5,513.0,Sim
259,61,5693.19,Não,1.6,1,3942.48,3,607.0,Não
260,43,9622.52,Sim,1.4,1,2816.33,2,674.0,Não
261,49,5239.14,Não,0.3,0,3268.7,5,486.0,Não
262,23,3478.85,Sim,3.1,1,2771.09,1,609.0,Não
263,49,3108.43,Não,6.6,0,1308.25,3,623.0,Não
264,72,8515.02,Sim,4.7,0,3134.85,4,528.0,Não
265,21,3798.93,Sim,5.6,1,0.0,1,541.0,Não
266,72,11386.99,Sim,0.4,0,3580.84,2,623.0,Sim
267,28,1795.18,Não,15.1,0,208.22,5,487.0,Não
268,73,11241.14,Sim,9.1,0,2428.7,1,635.0,Não
269,34,7527.54,Sim,8.2,0,732.27,4,510.0,Sim
270,55,6758.22,Sim,8.7,2,2830.08,4,706.0,Não
271,41,5637.7,Sim,13.5,0,1949.11,2,834.0,Sim
272,22,7997.84,Sim,3.9,0,0.0,1,514.0,Não
273,69,6905.91,Não,1.1,0,2631.05,3,653.0,Sim
274,51,9758.25,Não,4.8,1,1133.12,1,527.0,Não
275,23,7285.57,Sim,6.8,0,3321.72,4,704.0,Sim
276,39,7375.75,Não,6.7,1,2001.99,2,473.0,Não
277,28,6090.97,Sim,3.7,1,2593.13,2,648.0,Sim
278,65,6857.64,Não,0.4,2,563.65,3,513.0,Não
279,33,7769.5,Não,2.3,1,1116.0,2,579.0,Sim
280,50,2724.58,Sim,12.7,0,1312.04,2,497.0,Não
281,26,3629.54,Não,4.4,0,3285.05,2,682.0,Não
282,23,8858.16,Sim,3.9,0,4516.07,2,516.0,Sim
283,33,7427.16,Sim,1.6,0,792.24,2,655.0,Sim
284,46,6540.04,Não,2.3,0,3615.27,4,566.0,Sim
285,20,7046.08,Sim,11.3,0,0.0,1,589.0,Sim
286,37,7868.95,Sim,5.5,0,208.72,5,615.0,Sim
287,53,5650.6,Sim,7.7,0,561.83,2,524.0,Sim
288,36,5054.24,Não,3.0,1,0.0,5,621.0,Não
289,43,7489.61,Sim,5.0,0,0.0,5,753.0,Sim
290,20,4554.07,Sim,1.4,0,2619.5,4,522.0,Sim
291,36,8020.63,Não,6.1,0,1678.9,2,717.0,Sim
292,37,2743.54,Não,2.8,1,2569.11,5,750.0,Sim
293,49,9572.89,Sim,2.9,0,3035.71,2,518.0,Não
294,24,8181.49,Sim,5.2,1,2398.43,3,454.0,Não
295,69,7640.07,Sim,13.8,0,2986.64,3,630.0,Não
296,58,9456.73,Sim,0.3,0,1895.7,3,545.0,Não
297,50,11163.69,Sim,8.7,1,219.51,5,787.0,Não
298,57,9535.93,Não,1.7,0,3586.72,3,603.0,Sim
299,56,2397.81,Sim,2.9,0,1116.33,4,520.0,Sim
300,35,3801.06,Sim,0.1,0,596.61,4,485.0,Não
301,57,5437.95,Sim,1.8,0,1733.12,5,709.0,Sim
302,18,7065.23,Não,3.5,0,630.78,2,543.0,Sim
303,28,8294.15,Sim,0.3,0,1373.85,1,604.0,Não
304,45,5185.64,Não,3.4,2,2516.08,2,696.0,Não
305,74,7466.92,Sim,13.1,1,2522.51,2,552.0,Sim
306,42,5111.54,Sim,0.6,0,653.25,2,595.0,Sim
307,67,5471.21,Sim,7.2,1,1268.44,2,598.0,Sim
308,40,3483.35,Sim,2.6,1,3611.5,1,668.0,Sim
309,48,4691.92,Sim,5.3,1,2744.6,3,659.0,Não
310,47,3620.79,Sim,1.5,2,5112.6,2,578.0,Sim
311,59,4560.32,Sim,0.9,1,3770.19,4,606.0,Não
312,52,9634.1,Não,0.9,0,3716.44,5,563.0,Sim
313,24,4626.5,Sim,0.4,0,0.0,5,452.0,Não
314,33,13580.96,Não,1.0,0,3145.79,4,626.0,Não
315,43,8233.29,Sim,5.5,2,1920.34,2,789.0,Não
316,65,7462.09,Sim,10.7,2,1173.53,1,512.0,Não
317,74,4854.11,Sim,8.4,1,2252.02,3,523.0,Não
318,69,8750.77,Sim,5.8,1,3417.82,5,513.0,Não
319,66,5560.91,Sim,0.6,0,2751.25,3,672.0,Sim
320,19,7305.02,Sim,1.7,0,682.29,1,645.0,Não
321,18,13400.21,Sim,1.9,1,3113.69,5,584.0,Não
322,65,6759.85,Sim,1.4,0,1043.62,3,508.0,Não
323,29,9873.18,Sim,3.6,0,2325.02,1,609.0,Não
324,22,5242.06,Não,3.8,1,1544.97,3,444.0,Não
325,54,6912.53,Não,2.2,0,1671.7,2,614.0,Não
326,49,11427.0,Não,2.2,0,3149.36,1,687.0,Não
327,72,5432.58,Não,8.8,0,439.71,3,475.0,Não
328,26,11531.12,Sim,7.8,2,4917.79,2,447.0,Não
329,58,8769.38,Sim,1.8,0,0.0,2,758.0,Sim
330,52,5593.83,Não,12.3,1,1103.5,1,539.0,Não
331,36,8581.02,Sim,15.3,1,2555.32,4,714.0,Sim
332,65,9431.39,Sim,2.0,1,2876.47,5,585.0,Sim
333,33,8554.52,Sim,2.2,0,1849.29,1,584.0,Sim
334,20,3074.44,Sim,3.5,1,1913.91,2,644.0,Não
335,37,5182.16,Sim,14.2,0,2615.83,2,512.0,Não
336,41,6381.2,Não,10.5,0,1653.4,1,613.0,Sim
337,71,6813.92,Sim,0.5,1,4089.77,4,562.0,Não
338,73,8551.68,Sim,2.5,0,3259.02,5,468.0,Não
339,50,7444.25,Não,4.0,0,3309.24,3,634.0,Não
340,41,3661.64,Sim,3.5,0,550.76,1,574.0,Sim
341,69,7950.49,Sim,1.1,1,1880.92,5,584.0,Não
342,28,8526.46,Sim,9.8,0,1549.3,5,479.0,Não
343,66,8399.48,Não,5.6,1,491.6,2,759.0,Não
344,25,9701.95,Não,9.1,0,2540.25,3,688.0,Sim
345,53,9084.81,Sim,9.8,0,1193.53,1,696.0,Sim
346,55,8147.95,Não,6.9,0,2983.11,2,569.0,Não
347,57,6824.59,Sim,2.9,0,394.71,2,427.0,Não
348,37,2847.6,Não,4.7,0,4578.56,4,795.0,Não
349,52,8074.05,Não,0.9,0,655.5,5,594.0,Sim
350,65,7519.22,Não,5.6,0,2328.95,1,525.0,Sim
351,42,7678.95,Sim,1.0,0,3187.79,1,642.0,Não
352,52,3808.13,Não,5.9,0,1144.04,1,717.0,Sim
353,42,4297.36,Não,1.3,0,3278.7,2,598.0,Sim
354,46,9632.88,Sim,0.6,1,156.22,4,728.0,Sim
355,35,6901.11,Não,0.9,0,4178.18,3,708.0,Não
356,63,8703.75,Sim,0.0,0,2021.22,2,492.0,Não
357,35,7070.8,Não,6.3,0,1105.38,3,533.0,Não
358,19,7074.39,Sim,6.6,0,1551.23,4,696.0,Sim
359,71,9345.71,Não,3.6,0,3213.38,5,329.0,Não
360,52,5709.89,Sim,0.9,1,1123.32,1,585.0,Não
361,33,7240.3,Sim,0.4,1,875.96,3,457.0,Não
362,58,5844.31,Sim,0.1,0,1667.7,2,552.0,Sim
363,53,5913.76,Sim,0.9,0,234.56,3,570.0,Não
364,50,6227.07,Sim,11.1,0,4730.82,5,564.0,Sim
365,21,7555.33,Sim,1.4,0,1150.41,1,545.0,Sim
366,50,5803.13,Sim,2.2,1,3247.43,3,490.0,Não
367,31,10139.39,Sim,0.6,2,2314.21,5,829.0,Sim
368,38,4763.48,Sim,1.3,0,523.2,2,787.0,Sim
369,65,6532.82,Não,3.7,0,1991.07,4,484.0,Não
370,37,5900.67,Sim,4.7,0,3176.0,2,758.0,Sim
371,73,10617.44,Não,1.4,0,1717.61,1,560.0,Sim
372,25,7491.39,Não,0.3,0,3789.67,2,613.0,Não
373,24,9579.61,Sim,2.5,0,3532.27,2,594.0,Não
374,20,3286.1,Sim,1.3,0,3378.37,2,534.0,Sim
375,34,7667.63,Não,1.2,3,1310.51,2,698.0,Não
376,50,9224.08,Sim,16.1,0,380.24,1,613.0,Não
377,65,7205.71,Sim,4.8,0,1079.62,5,552.0,Não
378,29,9663.7,Sim,4.1,0,2294.36,3,470.0,Não
379,68,5706.78,Não,2.7,0,2818.68,4,511.0,Não
380,39,10523.37,Sim,2.8,1,0.0,3,436.0,Não
381,72,12747.25,Sim,3.9,0,1987.83,3,601.0,Sim
382,39,6092.9,Não,6.0,0,2237.13,4,480.0,Não
383,63,5886.24,Não,6.1,0,1583.68,1,573.0,Não
384,47,10633.46,Sim,0.9,0,3936.91,4,737.0,Sim
385,55,10948.93,Sim,3.5,0,2632.67,1,720.0,Sim
386,55,5692.85,Não,2.7,0,3965.29,3,597.0,Sim
387,62,5949.53,Sim,10.2,0,1676.06,1,591.0,Não
388,68,6295.54,Sim,5.0,1,3406.22,5,788.0,Sim
389,71,3638.87,Sim,3.8,1,4452.6,4,652.0,Não
390,25,4703.37,Não,0.6,0,3967.54,5,567.0,Sim
391,44,4489.65,Sim,4.7,0,361.79,3,457.0,Não
392,44,5080.51,Não,0.6,0,1619.49,4,639.0,Sim
393,51,6913.29,Não,2.1,0,1482.25,3,683.0,Não
394,38,7585.54,Sim,0.8,1,2733.88,5,537.0,Não
395,47,10876.25,Sim,5.9,0,3029.53,3,629.0,Não
396,50,4504.11,Sim,1.2,0,741.66,4,564.0,Não
397,45,9460.81,Sim,2.5,1,2101.76,4,582.0,Sim
398,64,6465.03,Sim,11.3,0,0.0,3,351.0,Não
399,50,6876.34,Não,1.1,0,4162.92,4,578.0,Não
400,22,8687.05,Sim,3.5,2,1231.44,4,697.0,Sim
401,65,4193.19,Não,2.7,2,2083.8,3,537.0,Sim
402,36,7956.02,Sim,0.1,0,1535.53,5,605.0,Não
403,21,7416.13,Sim,7.9,0,3719.04,4,524.0,Não
404,52,8231.13,Sim,0.4,1,0.0,4,636.0,Não
405,66,7722.92,Sim,3.2,1,1975.08,4,578.0,Não
406,34,13138.25,Não,4.1,1,1841.27,4,506.0,Não
407,61,5405.65,Sim,5.0,0,1319.55,3,733.0,Sim
408,45,5672.51,Sim,5.8,2,4589.34,5,693.0,Sim
409,47,5442.15,Sim,1.5,0,669.01,5,540.0,Sim
410,46,5611.31,Sim,0.1,1,3157.69,1,650.0,Não
411,63,5406.53,Sim,6.4,0,2534.38,4,654.0,Sim
412,70,9972.54,Sim,3.8,0,3892.28,4,664.0,Sim
413,23,10551.26,Não,9.0,0,999.22,1,431.0,Não
414,52,5573.13,Sim,8.6,0,900.55,5,701.0,Sim
415,58,4919.11,Não,9.3,1,3644.1,2,543.0,Sim
416,54,8178.54,Sim,3.3,1,2637.98,2,564.0,Sim
417,41,5619.44,Sim,2.0,0,0.0,5,850.0,Sim
418,46,8582.33,Sim,7.8,0,1191.04,4,630.0,Sim
419,66,7507.31,Sim,3.0,4,2579.57,2,561.0,Não
420,63,3210.64,Sim,1.0,0,3256.65,3,379.0,Não
421,70,10868.76,Sim,9.7,1,981.15,3,739.0,Não
422,48,11489.69,Sim,10.7,0,0.0,1,465.0,Não
423,52,5468.03,Sim,3.1,0,2784.83,5,500.0,Sim
424,50,6030.75,Sim,0.4,0,169.52,5,567.0,Não
425,69,7714.66,Não,2.5,0,0.0,2,742.0,Não
426,38,7836.14,Sim,8.1,0,0.0,4,677.0,Sim
427,49,8646.36,Sim,11.6,0,3220.97,5,584.0,Sim
428,40,12025.51,Sim,1.1,0,2192.93,2,631.0,Não
429,50,6557.63,Sim,0.3,0,1661.52,2,540.0,Não
430,20,5004.26,Sim,10.5,0,4083.54,5,614.0,Não
431,35,3551.7,Sim,2.5,1,2955.99,2,607.0,Não
432,42,5172.67,Sim,3.9,0,4424.45,1,697.0,Sim
433,59,6917.18,Sim,17.2,1,0.0,1,697.0,Sim
434,48,11486.39,Sim,0.3,0,1948.17,5,649.0,Não
435,71,5705.97,Sim,5.2,1,0.0,4,564.0,Sim
436,20,7559.47,Sim,0.4,1,1655.93,1,674.0,Não
437,57,6958.94,Sim,2.4,1,1627.08,1,591.0,Não
438,63,9970.98,Sim,8.1,0,2939.92,5,492.0,Não
439,41,13317.33,Não,2.8,0,2068.35,3,560.0,Não
440,67,5672.83,Sim,29.4,0,2935.11,2,608.0,Sim
441,49,5776.4,Sim,4.1,0,3055.16,1,691.0,Sim
442,64,9610.4,Sim,1.9,0,5232.39,3,582.0,Sim
443,39,8704.73,Não,1.2,0,1527.06,4,479.0,Não
444,40,11616.77,Sim,2.2,0,588.47,3,606.0,Sim
445,19,8459.82,Sim,2.3,0,2369.13,5,611.0,Sim
446,44,6101.77,Sim,0.4,0,796.58,4,619.0,Sim
447,59,8476.64,Sim,2.3,1,4222.94,4,692.0,Não
448,19,9771.76,Sim,3.1,0,1575.17,3,702.0,Sim
449,43,9051.21,Sim,6.4,1,1151.64,5,541.0,Sim
450,34,8268.19,Não,5.3,0,1293.03,1,538.0,Não
451,57,9666.69,Sim,6.2,0,3077.63,3,496.0,Não
452,50,9923.24,Não,0.0,1,1763.38,1,670.0,Sim
453,26,10455.4,Não,1.2,0,1037.5,3,745.0,Não
454,60,8621.77,Sim,5.4,0,4498.03,1,568.0,Não
455,71,6582.2,Sim,3.3,1,715.75,3,576.0,Não
456,65,7366.78,Sim,0.0,0,2053.35,4,747.0,Sim
457,56,10016.27,Sim,8.2,1,2978.46,2,651.0,Não
458,46,4957.66,Sim,7.4,1,0.0,4,644.0,Sim
459,59,7921.68,Não,4.0,1,2720.39,1,481.0,Não
460,72,6016.65,Não,0.3,2,417.34,5,668.0,Não
461,43,7071.86,Sim,7.3,0,3234.17,4,507.0,Sim
462,52,10196.13,Sim,4.4,0,556.02,2,487.0,Não
463,67,7477.75,Não,7.6,0,3039.15,1,565.0,Sim
464,42,7116.09,Não,7.0,0,3658.75,4,541.0,Não
465,41,3600.36,Não,8.1,0,3292.15,3,578.0,Sim
466,30,8865.63,Sim,3.6,0,2376.97,5,456.0,Não
467,24,8613.71,Sim,0.8,0,1653.05,1,696.0,Sim
468,74,12408.14,Sim,5.6,0,1135.37,4,713.0,Sim
469,53,6230.55,Sim,4.8,1,4206.55,1,405.0,Não
470,62,7547.88,Sim,6.8,0,950.76,3,698.0,Sim
471,37,7623.46,Sim,0.9,0,444.4,2,519.0,Não
472,18,10943.63,Sim,1.1,0,2998.05,4,686.0,Sim
473,25,6761.76,Sim,11.1,0,805.79,1,593.0,Sim
474,63,7697.55,Sim,6.9,0,574.9,1,603.0,Sim
475,33,8519.74,Sim,11.9,0,0.0,1,581.0,Sim
476,31,7466.52,Sim,7.1,1,1275.64,2,721.0,Sim
477,29,5883.92,Sim,4.5,1,1875.93,1,476.0,Não
478,68,7485.22,Sim,5.3,2,2364.64,5,661.0,Sim
479,40,9684.08,Não,11.0,0,3426.96,5,710.0,Sim
480,32,4433.71,Sim,4.3,1,2790.35,1,672.0,Sim
481,45,7332.42,Sim,5.0,0,1713.69,5,832.0,Sim
482,51,5249.7,Sim,0.9,1,1702.71,4,547.0,Não
483,19,9987.62,Não,3.2,3,2765.24,5,696.0,Não
484,49,3192.03,Sim,6.3,1,3908.86,1,589.0,Sim
485,40,5602.7,Sim,1.6,0,2189.47,3,723.0,Sim
486,39,7943.03,Sim,1.1,1,1296.3,4,599.0,Não
487,68,10913.81,Sim,1.9,0,510.7,2,561.0,Sim
488,42,6835.62,Sim,1.4,0,0.0,1,731.0,Sim
489,39,5612.0,Sim,1.2,1,2999.4,2,551.0,Não
490,39,11702.89,Não,2.8,1,2866.97,3,459.0,Não
491,66,3379.97,Sim,11.9,1,2866.05,2,548.0,Sim
492,69,1502.99,Não,3.5,0,1807.01,1,662.0,Sim
493,59,8100.04,Não,1.0,0,4110.4,1,739.0,Não
494,23,5744.86,Sim,0.4,0,1273.82,3,611.0,Sim
495,32,4446.92,Não,6.0,2,3432.9,1,732.0,Não
496,71,8770.89,Sim,2.4,0,1941.89,3,464.0,Não
497,60,7609.5,Sim,8.6,1,1087.47,3,556.0,Sim
498,54,5589.8,Sim,5.4,2,2888.8,1,571.0,Não
499,50,3799.24,Sim,8.0,0,2614.45,5,589.0,Sim
500,25,9181.14,Sim,1.6,1,2535.46,3,608.0,Sim
501,70,8625.5,Sim,5.9,0,2121.92,1,669.0,Sim
502,61,6752.06,Sim,1.5,0,1943.16,5,556.0,Não
503,61,11616.59,Sim,14.0,0,5582.56,3,614.0,Sim
504,22,4324.79,Sim,5.1,0,3776.38,5,595.0,Não
505,56,3186.19,Sim,2.0,0,3084.24,4,507.0,Sim
506,21,5270.23,Sim,1.6,1,2167.7,4,589.0,Não
507,23,6886.03,Sim,1.1,0,3510.74,5,586.0,Sim
508,62,7608.35,Não,5.9,0,2776.99,3,583.0,Não
509,49,6396.91,Sim,1.2,0,2039.31,1,603.0,Não
510,69,7880.14,Não,4.5,0,1544.65,2,608.0,Sim
511,47,3871.15,Sim,1.5,2,1878.62,1,557.0,Sim
512,64,10609.41,Sim,5.4,2,0.0,2,727.0,Sim
513,52,6794.62,Sim,8.4,0,2315.9,2,483.0,Não
514,72,9793.24,Sim,7.5,1,1267.29,3,528.0,Não
515,57,7856.81,Sim,7.2,0,4389.0,5,850.0,Sim
516,69,8141.88,Não,1.0,0,2029.02,1,496.0,Não
517,33,8424.42,Sim,0.5,0,216.55,5,465.0,Não
518,30,8119.27,Não,6.0,0,1925.18,4,673.0,Sim
519,67,8606.81,Não,2.3,0,430.82,3,392.0,Não
520,59,10322.88,Não,2.8,0,2710.11,3,576.0,Sim
521,47,7491.3,Não,0.2,2,2436.42,4,815.0,Sim
522,36,8772.51,Sim,1.5,2,3436.76,1,446.0,Não
523,34,6775.66,Sim,0.2,0,813.68,4,402.0,Não
524,73,10600.29,Sim,10.6,2,2051.01,1,450.0,Não
525,36,5309.02,Sim,1.4,0,0.0,2,690.0,Sim
526,45,11502.35,Sim,4.1,0,3052.24,3,712.0,Sim
527,72,6899.61,Não,0.2,1,2778.31,1,549.0,Sim
528,43,3423.06,Sim,5.5,0,2743.71,5,668.0,Sim
529,54,7320.26,Sim,2.0,0,2002.43,5,739.0,Sim
530,43,5297.37,Sim,11.4,2,2622.16,3,779.0,Não
531,70,9101.61,Sim,11.0,1,4406.51,4,575.0,Não
532,40,5368.44,Sim,2.0,1,1572.36,4,370.0,Não
533,26,5884.54,Não,11.6,2,2207.97,1,518.0,Não
534,29,2276.15,Sim,27.8,1,370.81,4,557.0,Não
535,70,5869.23,Sim,8.7,1,697.61,3,574.0,Não
536,18,1000.0,Sim,9.3,1,2146.72,1,581.0,Sim
537,18,3040.24,Sim,1.4,1,3655.9,2,712.0,Sim
538,64,8901.04,Sim,4.3,0,1615.58,4,727.0,Sim
539,51,8964.5,Sim,0.3,1,1646.13,4,583.0,Não
540,49,8063.64,Sim,0.5,1,1389.67,1,710.0,Não
541,71,4582.56,Sim,30.0,0,1197.86,5,636.0,Não
542,65,6880.72,Sim,2.0,1,2442.46,4,606.0,Sim
543,42,6990.99,Sim,6.9,0,0.0,3,691.0,Sim
544,57,4104.09,Sim,8.2,1,3921.41,4,607.0,Sim
545,62,10758.5,Sim,9.8,0,1001.87,2,806.0,Sim
546,70,9193.41,Sim,30.0,0,3082.86,4,456.0,Não
547,18,6447.59,Não,1.4,2,95.0,5,548.0,Sim
548,33,7067.21,Sim,0.2,0,3003.26,4,587.0,Não
549,56,7520.96,Sim,2.6,1,3007.92,1,644.0,Não
550,22,1895.66,Sim,0.7,1,2576.3,4,727.0,Não
551,39,6382.06,Sim,0.1,2,508.36,5,598.0,Sim
552,46,5295.04,Sim,2.2,0,2374.32,1,458.0,Não
553,72,4495.95,Sim,7.7,1,225.42,3,684.0,Não
554,20,6297.25,Não,4.2,2,1620.86,1,675.0,Sim
555,29,11494.22,Sim,1.9,0,3544.12,2,406.0,Não
556,43,8602.11,Sim,5.3,0,3195.05,1,600.0,Sim
557,33,5572.05,Sim,1.3,1,2022.77,3,441.0,Não
558,68,8431.46,Sim,0.1,1,537.79,4,534.0,Não
559,54,10498.39,Sim,7.2,0,2968.38,1,510.0,Sim
560,39,9311.58,Sim,4.9,0,2029.07,1,681.0,Sim
561,74,7149.08,Não,7.2,0,0.0,1,612.0,Sim
562,46,5382.66,Sim,0.2,1,3173.94,1,471.0,Não
563,31,8745.56,Sim,9.1,0,1963.65,3,688.0,Sim
564,45,7983.71,Não,4.8,0,3803.68,5,457.0,Não
565,22,9237.98,Sim,4.1,0,357.09,5,633.0,Não
566,64,8587.93,Não,4.9,0,0.0,1,519.0,Não
567,66,9623.88,Sim,10.0,1,2418.63,3,563.0,Sim
568,47,5661.91,Não,4.4,0,2437.35,3,650.0,Não
569,63,10293.49,Sim,4.3,0,0.0,1,652.0,Sim
570,69,7494.0,Não,23.4,1,532.25,2,734.0,Sim
571,22,12188.15,Não,7.1,0,6132.83,1,592.0,Não
572,29,5277.03,Sim,2.9,1,1541.58,2,631.0,Não
573,33,11339.91,Não,6.1,0,3096.44,1,556.0,Não
574,43,7494.78,Sim,2.5,0,1024.01,2,618.0,Não
575,43,5371.45,Sim,1.3,1,0.0,2,644.0,Sim
576,65,5790.29,Sim,4.5,1,1744.61,1,590.0,Sim
577,38,6199.13,Sim,13.2,0,1601.59,2,420.0,Não
578,56,8060.41,Sim,13.2,0,1400.18,4,633.0,Sim
579,53,8307.09,Sim,2.1,0,1828.04,5,636.0,Sim
580,50,5565.75,Sim,3.8,1,2396.4,3,532.0,Não
581,47,6939.11,Não,1.2,0,1774.82,2,472.0,Não
582,54,12355.68,Não,27.2,0,103.99,2,748.0,Sim
583,40,11318.86,Sim,19.8,1,2729.28,3,649.0,Sim
584,27,8090.81,Sim,5.2,1,0.0,2,577.0,Sim
585,71,7095.01,Sim,8.2,0,0.0,3,486.0,Não
586,22,7300.08,Sim,6.3,0,3108.77,1,518.0,Não
587,53,8533.79,Sim,4.5,0,2760.53,4,730.0,Sim
588,51,4443.02,Sim,0.3,0,1913.91,4,614.0,Sim
589,69,6356.56,Sim,3.0,0,0.0,5,545.0,Não
590,48,2828.54,Não,5.6,2,938.13,2,651.0,Sim
591,27,7998.06,Sim,5.7,0,1605.88,5,519.0,Sim
592,36,8617.99,Sim,2.3,0,0.0,1,750.0,Sim
593,49,5792.03,Sim,14.2,0,891.46,4,735.0,Sim
594,18,10934.97,Sim,0.9,2,2978.5,1,553.0,Sim
595,73,3935.59,Sim,3.5,0,4140.96,1,537.0,Não
596,22,3339.06,Sim,5.9,0,1370.85,2,338.0,Não
597,62,7561.13,Sim,6.0,0,3134.73,1,452.0,Não
598,21,9617.75,Sim,5.2,0,0.0,4,466.0,Não
599,33,11209.82,Não,1.6,1,2989.18,5,614.0,Não
600,41,5852.79,Não,0.8,0,794.08,4,567.0,Não
601,33,9696.7,Sim,5.1,0,2461.02,2,465.0,Não
602,72,6903.73,Sim,4.6,1,1628.37,4,572.0,Sim
603,19,6568.43,Sim,1.0,0,3980.62,3,651.0,Sim
604,66,9209.15,Sim,6.1,0,688.35,5,653.0,Sim
605,45,8630.81,Sim,3.0,0,2941.41,3,410.0,Não
606,49,3059.02,Sim,5.5,0,1580.74,3,587.0,Sim
607,44,10691.35,Sim,9.1,1,1762.54,2,462.0,Não
608,37,10450.23,Sim,0.9,0,1724.22,1,690.0,Sim
609,41,5436.09,Sim,0.1,1,731.49,3,678.0,Não
610,29,7989.51,Não,7.6,2,1978.85,4,510.0,Sim
611,67,8235.08,Não,4.7,1,1906.03,1,523.0,Não
612,52,7651.68,Não,6.0,1,2361.86,4,554.0,Não
613,50,5624.24,Sim,9.1,2,2126.76,4,375.0,Não
614,50,5320.94,Não,8.1,0,3196.99,1,634.0,Sim
615,68,6936.11,Sim,16.2,2,3385.26,1,573.0,Não
616,60,9931.82,Não,3.8,1,424.07,4,697.0,Sim
617,54,8359.0,Sim,3.4,0,3303.16,2,490.0,Não
618,29,6073.46,Não,2.6,0,220.5,5,538.0,Sim
619,20,8929.25,Sim,0.8,0,2881.78,5,449.0,Não
620,18,1000.0,Não,4.3,1,2929.61,2,500.0,Sim
621,50,9871.91,Não,1.6,1,0.0,1,482.0,Não
622,57,2650.72,Sim,12.7,0,2139.47,4,700.0,Sim
623,27,6093.9,Sim,4.4,0,1297.26,5,530.0,Não
624,60,4200.83,Não,4.5,0,861.85,4,612.0,Sim
625,61,3763.3,Sim,2.2,0,4026.28,2,562.0,Não
626,46,9902.07,Não,0.3,0,1019.48,4,473.0,Não
627,30,5830.75,Sim,0.2,0,790.43,2,583.0,Não
628,29,7866.26,Sim,2.8,0,2113.54,1,660.0,Sim
629,48,6882.7,Sim,0.4,0,3028.38,2,479.0,Não
630,63,8192.6,Sim,4.7,0,1787.53,2,681.0,Sim
631,19,7192.05,Não,10.6,2,3749.56,5,515.0,Não
632,68,3792.52,Sim,10.7,0,2796.46,4,552.0,Não
633,67,9490.67,Sim,5.4,0,0.0,5,653.0,Sim
634,52,5765.61,Sim,1.2,1,1205.8,3,534.0,Sim
635,40,3108.55,Sim,9.9,0,1157.24,2,604.0,Sim
636,34,5929.71,Não,10.9,0,2719.04,3,569.0,Sim
637,43,10751.9,Não,1.1,0,0.0,5,613.0,Não
638,25,9125.55,Sim,6.7,0,5823.51,4,362.0,Não
639,46,6128.37,Não,1.7,1,2796.54,5,417.0,Não
640,43,6126.86,Não,8.1,1,2223.32,4,662.0,Não
641,27,6195.91,Sim,29.5,0,3772.35,4,704.0,Sim
642,43,12191.87,Não,0.2,1,5515.48,1,509.0,Não
643,51,7954.84,Sim,11.4,1,3306.12,2,576.0,Não
644,68,8075.1,Sim,4.9,0,3423.22,5,629.0,Não
645,58,9575.71,Não,18.1,1,2196.04,4,669.0,Sim
646,24,7596.97,Sim,3.1,1,1787.71,5,397.0,Não
647,21,6352.39,Não,9.4,1,1286.31,5,511.0,Não
648,70,6509.13,Não,0.3,0,760.83,4,567.0,Não
649,67,6821.0,Sim,2.0,3,969.48,3,670.0,Não
650,62,6906.94,Não,0.3,1,0.0,2,850.0,Sim
651,28,8819.07,Sim,18.5,0,1886.19,2,577.0,Não
652,46,7129.86,Sim,8.5,0,0.0,1,459.0,Não
653,73,8831.6,Sim,9.6,0,2286.37,1,640.0,Sim
654,53,6798.21,Não,13.9,0,1945.5,1,732.0,Não
655,42,7196.59,Sim,0.4,0,2220.4,2,611.0,Não
656,38,2004.5,Sim,2.4,0,1216.8,3,509.0,Não
657,74,9290.82,Sim,0.4,1,6615.29,2,696.0,Sim
658,53,7866.22,Não,1.2,0,4040.17,2,666.0,Não
659,27,9495.03,Sim,1.3,0,133.19,2,497.0,Não
660,54,1000.0,Sim,3.2,1,2349.3,2,638.0,Não
661,26,12220.94,Sim,1.6,1,1087.99,3,700.0,Sim
662,41,6651.03,Sim,0.5,0,478.28,1,718.0,Sim
663,52,9770.46,Não,0.9,0,0.0,5,593.0,Não
664,66,4400.24,Sim,0.8,0,2648.33,1,564.0,Não
665,52,8531.93,Sim,18.1,0,977.93,1,723.0,Sim
666,65,4366.46,Não,7.1,0,3451.74,5,479.0,Não
667,53,5440.58,Sim,17.2,0,3490.67,2,644.0,Não
668,35,11785.08,Não,2.9,2,4060.87,3,463.0,Não
669,66,6523.29,Sim,1.6,0,721.42,3,707.0,Sim
670,56,7543.58,Não,8.0,0,2713.05,1,574.0,Sim
671,49,9175.17,Sim,2.0,0,2948.68,5,727.0,Sim
672,41,8239.2,Sim,1.8,1,1288.73,4,649.0,Sim
673,40,7376.05,Não,1.3,1,842.34,2,478.0,Não
674,49,7912.4,Não,0.7,1,4414.28,1,742.0,Não
675,54,13008.54,Não,1.5,1,2341.24,3,755.0,Sim
676,29,6855.95,Sim,2.2,1,2953.95,5,688.0,Sim
677,66,7502.75,Não,5.6,0,766.89,5,524.0,Não
678,72,9626.64,Não,0.3,3,171.07,1,569.0,Não
679,30,9763.81,Sim,1.2,1,1145.83,4,615.0,Não
680,40,9967.58,Não,8.3,0,1813.97,3,530.0,Não
681,42,8596.83,Não,0.8,0,403.67,1,769.0,Sim
682,52,4142.49,Sim,2.1,1,1985.23,4,614.0,Sim
683,58,11083.58,Sim,10.0,0,0.0,5,330.0,Não
684,47,4134.14,Sim,0.8,0,319.93,2,634.0,Sim
685,34,7756.59,Sim,0.4,1,3006.37,3,565.0,Sim
686,66,5114.31,Sim,3.3,0,2905.69,3,593.0,Não
687,37,6839.65,Sim,1.8,0,1412.18,4,563.0,Não
688,65,7821.91,Sim,4.1,0,473.35,1,681.0,Sim
689,42,7803.39,Sim,8.1,0,458.89,5,712.0,Sim
690,39,8054.8,Sim,0.7,1,1440.1,4,628.0,Sim
691,30,11034.28,Não,4.3,1,2966.78,2,566.0,Sim
692,36,8133.84,Não,3.5,1,3392.37,2,596.0,Sim
693,66,6389.61,Sim,0.8,0,1255.2,2,602.0,Sim
694,53,9410.22,Não,4.9,1,269.76,4,520.0,Sim
695,29,9973.68,Sim,1.6,0,2401.77,5,658.0,Sim
696,58,3930.98,Sim,3.3,1,764.7,3,646.0,Não
697,36,8493.5,Sim,0.4,1,1222.62,1,754.0,Não
698,29,8752.93,Sim,3.1,1,3987.91,3,726.0,Não
699,26,6256.09,Não,1.8,0,3240.67,5,531.0,Sim
700,24,10439.27,Não,8.6,1,2236.96,3,682.0,Não
701,45,6624.86,Sim,0.3,0,92.12,4,505.0,Não
702,31,7313.94,Sim,2.7,0,2317.09,2,670.0,Sim
703,48,6567.32,Sim,3.1,0,3593.99,5,548.0,Não
704,69,7038.95,Sim,6.5,0,1436.55,5,498.0,Não
705,36,4259.31,Sim,4.3,0,4026.67,3,628.0,Sim
706,64,3399.87,Sim,5.5,1,3939.12,4,333.0,Não
707,33,10986.26,Não,7.5,0,4495.6,3,425.0,Não
708,70,4882.6,Não,9.9,0,2457.86,3,582.0,Não
709,22,4521.52,Sim,1.9,0,2881.09,5,608.0,Não
710,52,1616.52,Não,3.9,1,4121.28,3,563.0,Não
711,29,5402.6,Sim,9.2,1,2671.09,2,442.0,Não
712,42,3692.28,Sim,22.8,1,1248.15,3,518.0,Sim
713,69,11105.04,Sim,11.0,1,1327.19,2,639.0,Sim
714,38,9524.54,Sim,2.3,0,2357.83,5,658.0,Sim
715,53,5279.62,Não,1.1,0,64.16,4,598.0,Sim
716,70,12631.09,Sim,3.4,0,1785.11,2,716.0,Sim
717,40,9454.41,Sim,6.8,1,3644.82,4,640.0,Sim
718,33,6187.92,Sim,3.4,0,0.0,4,525.0,Não
719,74,1000.0,Sim,3.3,1,4301.72,2,572.0,Sim
720,56,12727.36,Não,9.1,2,3683.56,5,460.0,Não
721,62,3526.07,Sim,2.2,1,1310.35,1,589.0,Sim
722,70,2886.5,Sim,9.8,0,2815.09,4,711.0,Sim
723,59,9556.43,Sim,2.6,0,2004.72,4,669.0,Sim
724,56,13099.38,Sim,2.0,0,3844.99,5,740.0,Sim
725,31,10460.68,Sim,3.0,2,3474.02,5,570.0,Sim
726,48,8409.77,Sim,7.2,0,0.0,3,735.0,Sim
727,22,8486.89,Sim,0.7,1,2880.89,5,581.0,Sim
728,52,9133.54,Não,1.1,0,1691.56,4,747.0,Sim
729,40,8897.32,Não,15.1,0,2124.25,2,598.0,Não
730,46,7702.98,Não,1.0,1,907.74,1,671.0,Não
731,60,7260.5,Sim,4.2,2,4622.21,3,748.0,Sim
732,28,6843.52,Sim,4.3,0,3560.09,2,581.0,Sim
733,35,5115.09,Sim,3.4,1,890.34,1,622.0,Sim
734,64,6298.31,Não,5.2,2,0.0,1,729.0,Sim
735,29,2767.61,Sim,1.3,1,1421.49,1,587.0,Não
736,26,6754.15,Sim,4.0,1,2651.75,2,468.0,Não
737,27,4528.52,Sim,2.3,0,2360.31,3,814.0,Sim
738,61,4241.03,Sim,5.4,0,3879.7,3,553.0,Não
739,34,7449.74,Sim,0.8,1,3184.88,1,616.0,Não
740,55,10480.01,Sim,4.2,1,3454.35,2,716.0,Não
741,24,9295.79,Não,1.0,1,2490.28,1,539.0,Sim
742,63,3073.75,Sim,1.6,1,0.0,5,499.0,Não
743,30,4525.93,Sim,1.2,0,1706.45,3,625.0,Não
744,57,9351.93,Sim,1.0,0,3590.13,4,421.0,Não
745,59,4543.78,Sim,8.7,1,1922.72,1,571.0,Não
746,26,6438.42,Sim,1.7,0,2754.64,5,625.0,Não
747,67,8375.13,Não,13.1,3,1521.88,3,573.0,Não
748,44,4579.14,Sim,17.5,0,455.28,2,446.0,Não
749,19,7263.44,Não,4.2,1,1814.98,3,759.0,Sim
750,22,3664.94,Sim,0.8,1,2463.57,2,610.0,Não
751,46,5496.58,Sim,2.3,0,1016.47,2,743.0,Sim
752,54,7799.45,Não,8.0,0,1646.43,1,574.0,Não
753,55,3017.52,Sim,2.3,0,590.81,1,512.0,Não
754,36,8101.19,Sim,0.5,0,3678.87,3,627.0,Sim
755,25,6950.91,Sim,4.1,0,1558.32,5,578.0,Não
756,65,8381.22,Sim,9.3,1,4179.13,3,482.0,Não
757,62,7559.79,Não,7.9,1,4293.12,4,747.0,Não
758,18,10410.35,Sim,1.0,0,1878.43,2,538.0,Não
759,39,7313.06,Não,5.6,0,487.33,2,416.0,Não
760,69,5926.49,Não,1.2,1,0.0,1,733.0,Não
761,34,7305.74,Sim,1.2,1,0.0,5,550.0,Não
762,24,8358.25,Não,10.4,1,0.0,1,539.0,Sim
763,42,7122.15,Sim,1.4,0,4067.7,4,423.0,Não
764,62,7101.48,Não,1.5,1,2173.74,3,774.0,Não
765,21,5245.02,Sim,0.0,1,2584.41,3,471.0,Não
766,53,5342.75,Sim,10.2,0,0.0,5,606.0,Sim
767,23,3493.49,Sim,7.9,1,203.05,1,691.0,Não
768,48,11373.94,Sim,4.9,0,3330.62,1,642.0,Sim
769,36,3890.34,Sim,6.9,0,2430.16,4,594.0,Não
770,61,5267.74,Não,0.8,1,1779.19,3,430.0,Não
771,71,5203.98,Sim,3.1,1,2847.26,1,519.0,Não
772,56,9237.31,Sim,2.2,2,4453.7,5,619.0,Não
773,44,6262.63,Não,0.5,0,1668.44,3,521.0,Não
774,27,10119.36,Sim,3.3,0,2104.05,4,620.0,Não
775,43,5316.27,Não,12.7,1,2288.9,5,668.0,Não
776,36,7697.49,Não,0.2,1,5588.16,2,696.0,Sim
777,56,4911.63,Não,1.7,0,0.0,4,477.0,Não
778,20,12362.87,Não,1.2,0,3024.83,5,820.0,Sim
779,62,4031.0,Sim,1.4,0,1827.8,1,677.0,Sim
780,30,7774.55,Sim,12.0,0,2850.16,2,600.0,Sim
781,67,8584.44,Não,3.2,1,1013.94,4,709.0,Sim
782,45,8034.5,Sim,3.1,0,1926.55,1,837.0,Sim
783,37,6536.78,Sim,7.1,3,3067.12,2,456.0,Não
784,45,6675.45,Sim,0.8,0,6669.37,3,577.0,Não
785,25,7109.53,Não,3.3,0,3212.05,1,362.0,Não
786,58,6632.49,Sim,2.8,1,727.9,5,619.0,Não
787,56,9409.7,Sim,4.5,0,1364.36,4,637.0,Não
788,18,12526.31,Sim,30.0,0,1319.88,2,596.0,Sim
789,20,5606.27,Sim,7.3,0,0.0,1,535.0,Sim
790,30,3575.49,Sim,2.5,0,1504.86,3,395.0,Não
791,45,6779.29,Sim,8.8,0,3099.24,4,637.0,Não
792,74,13449.27,Sim,0.9,0,88.65,4,746.0,Sim
793,66,4990.81,Não,0.2,1,3572.72,1,541.0,Não
794,42,11097.79,Sim,1.1,2,2731.66,3,644.0,Sim
795,73,11194.25,Não,2.1,0,898.65,2,443.0,Não
796,50,5616.03,Não,3.6,0,1787.71,1,646.0,Não
797,55,8422.46,Sim,4.8,1,4397.48,2,561.0,Não
798,70,11070.99,Sim,12.1,0,3100.32,4,524.0,Sim
799,23,6052.18,Sim,3.6,0,2013.18,2,524.0,Não
800,61,6491.05,Não,3.5,0,1643.48,3,561.0,Sim
801,62,5545.8,Sim,0.3,0,2114.91,5,638.0,Não
802,49,4463.11,Sim,0.2,0,1232.35,3,469.0,Não
803,62,5376.81,Sim,4.0,0,0.0,2,560.0,Sim
804,64,3940.15,Sim,2.9,1,5063.27,1,596.0,Sim
805,38,7085.21,Sim,9.1,0,2232.99,4,490.0,Não
806,33,5075.07,Sim,0.9,0,2597.22,5,780.0,Sim
807,71,7584.46,Não,0.1,1,1913.14,1,515.0,Não
808,38,3110.26,Sim,3.0,0,897.32,1,533.0,Sim
809,28,7827.2,Sim,1.4,0,1721.11,3,502.0,Não
810,54,9083.82,Sim,0.3,0,0.0,2,780.0,Sim
811,53,2015.66,Não,6.4,2,5415.63,3,655.0,Sim
812,52,7935.14,Sim,0.6,0,148.23,2,506.0,Sim
813,36,10069.17,Não,4.7,1,452.05,3,711.0,Sim
814,37,3975.9,Sim,1.6,0,1339.61,1,620.0,Sim
815,74,11181.43,Sim,1.0,0,3932.11,4,626.0,Não
816,35,8047.55,Sim,2.4,1,2021.76,2,566.0,Sim
817,64,5237.47,Sim,8.1,0,145.8,5,525.0,Não
818,58,6860.58,Sim,2.5,1,3881.51,5,634.0,Não
819,66,8395.82,Sim,6.9,0,3096.5,1,545.0,Não
820,31,7190.01,Não,0.7,1,2807.65,3,782.0,Sim
821,32,8346.89,Sim,7.4,1,3073.6,3,473.0,Não
822,48,4698.32,Sim,1.4,0,5591.54,1,754.0,Não
823,18,7423.4,Sim,5.7,0,5277.64,5,589.0,Sim
824,70,3465.71,Sim,4.2,0,969.93,5,630.0,Sim
825,71,6721.93,Sim,13.2,0,4435.83,3,683.0,Sim
826,71,4740.23,Sim,2.4,1,2574.75,2,537.0,Sim
827,20,5161.18,Sim,0.3,0,2748.64,4,686.0,Sim
828,33,10090.23,Sim,0.1,0,0.0,2,329.0,Não
829,40,9728.28,Sim,8.8,1,1744.42,5,528.0,Sim
830,74,8522.85,Sim,3.7,0,780.76,2,508.0,Sim
831,28,4269.22,Sim,7.5,0,3242.09,4,475.0,Não
832,29,6208.98,Sim,1.3,0,3606.62,2,579.0,Não
833,27,10032.74,Não,2.1,0,0.0,2,639.0,Sim
834,49,7354.29,Sim,0.2,1,1966.95,2,670.0,Sim
835,33,12798.32,Sim,16.3,0,3682.79,2,624.0,Não
836,25,7983.29,Sim,5.5,0,1719.98,1,533.0,Sim
837,55,7480.12,Não,13.5,1,3093.6,5,637.0,Sim
838,29,6227.21,Não,1.5,0,2526.75,4,612.0,Sim
839,41,7333.85,Sim,4.7,0,2512.49,5,694.0,Sim
840,45,6618.83,Não,5.7,0,1593.03,1,678.0,Não
841,70,8770.27,Sim,1.9,0,175.13,1,603.0,Sim
842,25,9391.76,Sim,9.4,0,317.7,1,510.0,Sim
843,45,5035.03,Não,14.7,0,3064.03,1,535.0,Não
844,53,3671.92,Não,10.8,0,2029.19,2,545.0,Não
845,43,2409.49,Sim,6.7,0,1792.23,5,568.0,Não
846,25,8269.98,Sim,1.6,0,1364.16,3,627.0,Não
847,67,4241.58,Sim,1.7,0,1542.22,4,672.0,Sim
848,45,1617.77,Sim,16.5,4,3570.37,1,595.0,Não
849,45,7971.45,Não,0.1,1,1497.13,5,602.0,Sim
850,54,13232.5,Sim,6.3,1,0.0,1,614.0,Sim
851,58,6984.82,Sim,6.1,0,3115.48,1,548.0,Sim
852,53,9096.23,Sim,4.9,1,1692.69,1,507.0,Sim
853,44,7204.57,Sim,23.1,0,2047.09,1,424.0,Não
854,71,6752.78,Sim,1.9,1,4411.37,1,530.0,Sim
855,34,9297.69,Sim,2.1,0,1969.16,4,647.0,Sim
856,26,6274.31,Não,0.4,1,2433.78,5,530.0,Não
857,50,7668.48,Não,2.9,0,231.61,1,576.0,Não
858,70,7804.24,Sim,1.5,0,1670.5,1,647.0,Sim
859,37,5329.77,Não,2.1,0,2914.29,1,652.0,Não
860,30,9480.11,Não,9.0,1,0.0,1,492.0,Não
861,45,6562.6,Não,13.7,0,2301.27,2,700.0,Sim
862,65,5110.64,Sim,1.0,0,2151.19,2,713.0,Sim
863,46,8341.27,Sim,2.3,0,2061.93,3,487.0,Não
864,30,4753.83,Sim,13.2,1,3555.74,1,518.0,Sim
865,63,7070.45,Sim,0.3,0,2501.66,3,719.0,Sim
866,52,6977.2,Sim,0.5,0,4217.11,4,585.0,Não
867,23,9714.74,Sim,0.9,2,509.62,3,378.0,Não
868,35,8186.75,Sim,4.5,0,2203.89,5,460.0,Não
869,68,6937.43,Não,0.8,0,2126.7,2,575.0,Sim
870,22,9044.42,Sim,17.2,1,396.12,2,484.0,Não
871,64,10475.52,Sim,3.0,1,3434.44,1,559.0,Sim
872,42,8394.53,Não,3.5,1,5487.01,1,603.0,Sim
873,19,7025.88,Não,1.4,0,1974.49,4,746.0,Não
874,27,3720.41,Não,3.2,0,2757.53,4,571.0,Não
875,73,4337.22,Não,5.4,0,2126.78,5,707.0,Sim
876,47,6236.94,Sim,7.0,2,929.62,1,743.0,Não
877,67,5476.22,Não,7.0,0,0.0,1,743.0,Não
878,62,6532.57,Sim,4.3,0,941.34,4,628.0,Não
879,22,7141.62,Sim,11.7,1,0.0,4,404.0,Não
880,72,8324.23,Sim,8.5,0,4556.15,4,646.0,Não
881,73,6823.75,Sim,7.1,1,1827.34,2,705.0,Sim
882,50,8216.25,Sim,0.3,0,1481.12,3,592.0,Sim
883,71,7161.19,Sim,0.0,0,3333.73,3,774.0,Sim
884,18,2061.33,Não,1.2,0,317.37,1,686.0,Não
885,35,4651.66,Sim,5.4,1,849.7,2,657.0,Não
886,49,6639.78,Sim,2.6,0,2102.11,4,709.0,Sim
887,64,3975.76,Não,2.6,0,3543.15,1,633.0,Não
888,66,8499.82,Sim,10.8,1,2752.53,2,351.0,Não
889,28,10826.88,Sim,11.3,0,2372.49,5,550.0,Não
890,38,10046.9,Sim,12.0,0,2117.18,2,720.0,Sim
891,43,6466.39,Sim,1.9,0,2600.35,1,519.0,Não
892,42,10726.82,Sim,5.9,0,2302.48,3,578.0,Não
893,39,7371.67,Não,1.6,2,455.04,4,496.0,Não
894,44,6157.29,Sim,1.1,0,2069.12,5,778.0,Sim
895,66,5466.49,Sim,1.0,1,389.47,2,768.0,Não
896,30,6243.83,Não,2.1,1,2121.62,1,512.0,Não
897,50,6029.56,Não,2.8,3,1279.03,1,615.0,Não
898,51,7426.04,Sim,8.9,0,5809.07,4,532.0,Não
899,58,7401.43,Sim,0.6,1,1940.16,1,661.0,Sim
900,52,7007.62,Sim,6.6,0,0.0,1,651.0,Sim
901,18,8092.35,Sim,3.8,1,1798.73,4,681.0,Sim
902,38,9976.62,Sim,1.7,1,2779.04,5,633.0,Sim
903,65,9373.89,Sim,3.4,1,4510.05,3,850.0,Não
904,72,3287.76,Não,1.8,0,1115.82,3,497.0,Não
905,23,1000.0,Sim,4.5,0,0.0,2,429.0,Não
906,45,9335.8,Sim,2.8,0,3225.26,5,561.0,Não
907,34,3582.8,Sim,0.9,0,0.0,2,443.0,Não
908,22,6438.09,Sim,0.6,2,1345.77,3,451.0,Não
909,48,4074.72,Sim,4.0,1,1613.57,4,500.0,Não
910,22,2495.05,Sim,11.6,1,1895.55,1,508.0,Sim
911,55,8353.66,Não,2.1,1,3033.75,3,505.0,Sim
912,20,8897.89,Sim,6.6,1,974.55,5,652.0,Não
913,70,5558.72,Sim,5.4,0,1589.41,3,549.0,Sim
914,40,1000.0,Sim,13.4,1,1978.59,5,582.0,Sim
915,54,5634.39,Sim,8.6,1,2224.4,5,689.0,Sim
916,70,7979.51,Sim,4.2,1,2146.74,5,523.0,Sim
917,54,3302.72,Sim,5.4,0,2654.01,2,574.0,Não
918,27,7458.4,Sim,11.4,0,3265.76,4,637.0,Sim
919,27,6961.73,Sim,2.6,0,2588.95,3,406.0,Não
920,36,8448.23,Não,2.0,0,2680.38,4,362.0,Não
921,34,7298.95,Não,0.1,0,0.0,1,635.0,Não
922,38,4567.33,Não,8.8,0,2075.34,3,649.0,Sim
923,31,9991.43,Não,8.1,0,2719.26,4,806.0,Não
924,26,6603.68,Sim,0.6,0,3093.41,4,616.0,Sim
925,63,6931.74,Não,4.3,1,961.47,1,682.0,Não
926,18,4666.83,Sim,3.1,0,1011.44,5,580.0,Não
927,68,5891.79,Não,0.6,1,1138.85,3,630.0,Sim
928,62,4787.99,Não,19.7,1,2804.62,3,767.0,Não
929,30,6567.63,Não,1.2,0,3550.82,1,388.0,Não
930,21,11279.27,Não,0.3,0,1388.81,5,641.0,Não
931,18,3570.25,Sim,4.5,1,3361.94,3,814.0,Sim
932,66,2966.1,Sim,6.7,0,2185.22,3,628.0,Sim
933,57,10677.93,Sim,0.2,0,1813.57,3,765.0,Sim
934,49,6476.69,Sim,5.4,1,1682.92,5,537.0,Não
935,51,5327.32,Sim,3.8,0,3119.92,1,597.0,Não
936,45,9599.76,Sim,0.5,2,2488.37,3,603.0,Sim
937,48,5485.96,Não,0.9,2,5413.74,4,378.0,Não
938,25,11565.02,Sim,4.2,0,721.66,5,483.0,Não
939,56,8694.81,Não,1.8,0,2777.15,2,490.0,Não
940,43,5780.22,Não,13.9,2,1206.2,1,682.0,Sim
941,51,12393.27,Não,8.5,1,696.07,4,687.0,Não
942,71,5485.71,Não,20.5,0,1983.7,3,632.0,Não
943,71,8855.24,Sim,1.5,0,2206.03,2,682.0,Sim
944,20,7748.23,Não,17.5,0,6377.26,1,584.0,Não
945,67,10254.35,Não,2.8,1,1723.78,5,720.0,Sim
946,29,10903.78,Sim,2.1,1,304.73,2,601.0,Não
947,18,7080.01,Sim,0.3,0,2409.52,2,606.0,Sim
948,71,5116.46,Não,0.3,1,0.0,4,573.0,Sim
949,61,8149.93,Sim,5.9,0,1862.06,1,668.0,Sim
950,22,5305.71,Sim,3.1,0,2024.04,4,558.0,Não
951,47,12033.47,Sim,1.3,1,3191.9,4,698.0,Não
952,47,7341.34,Sim,4.8,0,3460.43,3,487.0,Não
953,74,6086.7,Sim,1.5,0,1244.65,5,490.0,Não
954,34,7461.7,Não,4.3,0,1774.08,2,669.0,Sim
955,65,3632.18,Sim,2.2,1,850.82,1,591.0,Sim
956,64,4570.96,Sim,8.7,0,307.91,5,555.0,Não
957,40,10001.03,Sim,8.6,0,2464.84,5,689.0,Sim
958,32,5357.76,Sim,3.2,0,89.62,1,539.0,Não
959,54,4382.72,Não,2.2,1,1378.06,5,580.0,Não
960,38,8341.63,Sim,2.3,1,507.24,3,740.0,Não
961,31,9964.26,Sim,8.2,0,2824.52,5,754.0,Sim
962,19,8797.38,Sim,2.0,1,4702.15,3,757.0,Sim
963,28,9490.12,Sim,1.2,2,47.62,2,572.0,Não
964,68,5108.01,Não,0.4,0,0.0,2,723.0,Não
965,56,3445.47,Não,3.1,1,1812.67,4,505.0,Não
966,55,10753.33,Sim,3.3,0,2023.55,3,509.0,Não
967,51,6193.3,Sim,9.2,0,2327.99,2,365.0,Não
968,55,6372.92,Sim,1.3,0,1330.52,5,767.0,Sim
969,67,10320.49,Sim,2.4,1,1699.04,1,514.0,Não
970,51,8390.58,Sim,8.3,0,2551.27,1,587.0,Sim
971,35,8139.72,Sim,8.7,0,3560.65,3,509.0,Sim
972,47,12412.51,Sim,2.4,0,0.0,4,670.0,Sim
973,32,5391.2,Sim,3.1,0,1446.59,5,562.0,Não
974,44,9319.6,Não,1.8,1,2320.71,3,470.0,Não
975,68,7142.53,Não,13.5,2,623.04,1,644.0,Sim
976,51,7671.48,Sim,0.6,0,4596.75,3,457.0,Não
977,69,10821.17,Não,13.6,0,1046.89,5,516.0,Sim
978,74,8269.59,Sim,5.8,0,1938.06,2,389.0,Não
979,55,8345.74,Sim,3.8,2,2834.03,5,458.0,Não
980,50,9681.27,Não,0.2,1,1113.07,2,618.0,Não
981,41,6087.62,Não,3.2,1,0.0,2,404.0,Não
982,32,4901.98,Não,2.6,0,1357.02,2,452.0,Não
983,47,4387.98,Sim,0.9,0,3544.16,3,600.0,Não
984,72,2084.11,Sim,5.3,1,1494.66,1,546.0,Sim
985,59,12140.52,Não,17.7,0,730.35,3,799.0,Não
986,68,4241.98,Sim,4.1,0,3388.51,1,783.0,Sim
987,34,6446.87,Sim,6.3,0,1503.84,5,513.0,Não
988,22,6307.97,Sim,0.4,0,1234.76,4,656.0,Sim
989,46,7768.52,Sim,2.7,1,2224.18,5,675.0,Não
990,21,9039.34,Sim,0.6,0,3156.13,3,540.0,Não
991,27,9151.18,Sim,4.7,0,5572.57,3,450.0,Não
992,73,5542.31,Não,13.9,0,3240.85,1,599.0,Sim
993,34,6582.2,Sim,5.4,0,3739.76,3,583.0,Sim
994,27,7706.45,Sim,0.4,0,1241.05,2,556.0,Sim
995,34,6378.27,Sim,2.2,0,461.2,3,644.0,Não
996,37,11018.36,Sim,4.0,0,2093.5,1,525.0,Não
997,41,8227.44,Sim,2.6,0,2160.75,1,485.0,Não
998,22,8837.19,Sim,9.0,0,382.23,2,611.0,Não
999,51,8657.2,Não,8.4,2,1737.06,1,639.0,Não
1000,23,9933.68,Sim,4.7,0,2598.98,4,482.0,Não
