ID_Cliente,Idade,Renda_Mensal (R$),Gasto_Mensal_Médio (R$),Score_Credito,Investimentos (R$),Tipo_Conta,Dias_uso_app,Frequencia_Compra
1,56,2983.88,3381.57,719,2195.44,Corrente,22,9
2,69,7508.66,1680.29,551,16894.8,Corrente,16,6
3,46,5109.12,2179.75,848,25074.44,Corrente,23,6
4,32,3444.37,2746.07,634,2450.77,Poupança,21,13
5,60,5383.57,865.31,391,16847.1,Corrente,19,9
6,25,4296.13,591.35,829,24379.16,Poupança,21,2
7,38,11217.85,779.47,362,15124.99,Poupança,17,7
8,56,9204.1,3010.07,811,43684.03,Corrente,13,14
9,36,6980.07,1558.51,438,0.0,Digital,23,11
10,40,10699.86,4046.56,484,25587.29,Corrente,20,11
11,28,7193.42,1548.6,504,13271.98,Corrente,19,11
12,28,4846.79,2147.64,513,22719.2,Poupança,22,6
13,41,10807.81,3233.69,555,19413.07,Corrente,16,14
14,53,8347.28,3604.87,434,7668.44,Corrente,18,11
15,57,4406.88,3649.2,387,17289.96,Poupança,20,9
16,41,6524.15,2966.69,506,0.0,Poupança,10,8
17,20,4810.95,2819.25,428,21032.48,Corrente,26,12
18,39,3543.0,2474.02,302,17981.58,Digital,16,16
19,19,9315.44,2622.69,420,21386.6,Poupança,18,10
20,41,11773.54,1559.05,684,25581.18,Digital,24,15
21,61,3503.58,1345.44,337,18676.2,Corrente,11,16
22,47,8407.42,1997.3,640,16480.89,Poupança,19,9
23,55,5373.39,1863.85,320,6189.32,Digital,17,15
24,19,5782.19,1637.42,541,7877.79,Poupança,26,10
25,38,5519.02,2557.11,754,26867.35,Poupança,24,7
26,50,4840.02,2764.24,602,29363.35,Corrente,21,11
27,29,7121.3,2070.73,368,12618.9,Corrente,14,10
28,39,4922.62,3182.02,428,15460.03,Corrente,17,14
29,61,7676.14,1086.65,495,5953.86,Corrente,23,9
30,42,6874.4,1845.07,439,26727.57,Digital,21,11
31,66,6402.63,1426.54,743,21654.17,Corrente,11,15
32,44,4731.09,506.77,582,34412.17,Digital,19,12
33,59,5558.07,1933.86,611,6216.77,Digital,27,16
34,45,8888.48,1902.6,834,11219.92,Corrente,21,5
35,33,8252.29,3210.76,576,17314.46,Corrente,9,9
36,32,4556.11,2504.65,360,21464.9,Digital,17,11
37,64,7248.33,1180.65,618,12843.32,Digital,30,13
38,68,8878.47,3483.27,351,6270.39,Corrente,25,12
39,61,2826.49,2976.83,452,23814.08,Corrente,20,8
40,69,8358.4,2465.68,610,22211.35,Poupança,28,8
41,20,5343.44,1818.81,843,5837.26,Poupança,22,8
42,54,8426.5,1232.45,688,28554.43,Corrente,20,9
43,68,5091.85,1702.23,847,26701.99,Poupança,20,11
44,24,2487.79,2871.0,476,16342.96,Corrente,21,11
45,38,2931.14,3507.67,661,15795.98,Corrente,22,12
46,26,7120.21,3234.59,613,20540.58,Corrente,15,14
47,56,7649.31,1608.92,396,6382.97,Corrente,30,5
48,35,4739.21,1104.31,512,15300.31,Corrente,19,10
49,21,8596.48,2112.71,436,0.0,Corrente,21,9
50,42,2846.2,585.25,305,23764.56,Corrente,19,10
51,31,6834.8,2258.53,408,0.0,Corrente,30,11
52,67,3972.46,1881.92,846,30034.2,Corrente,18,6
53,26,5370.41,1627.17,338,11698.8,Digital,16,11
54,43,7118.5,724.24,724,12883.33,Corrente,16,9
55,19,4848.97,2410.88,560,8722.66,Corrente,20,6
56,37,6038.61,1573.84,725,12119.61,Poupança,25,11
57,45,9515.73,1064.07,386,29185.31,Digital,25,9
58,64,5557.77,300.0,764,0.0,Corrente,20,10
59,24,9089.23,1977.99,375,27769.65,Poupança,25,8
60,61,4175.73,3417.8,770,18380.23,Poupança,16,7
61,25,8324.51,3329.01,713,2929.78,Poupança,24,8
62,64,10603.92,1634.32,756,4246.88,Corrente,18,8
63,52,1000.0,1518.23,584,31763.93,Poupança,21,11
64,31,5007.76,2375.02,538,5544.93,Corrente,28,11
65,34,8442.68,1201.29,671,3466.49,Poupança,12,8
66,53,6492.39,2241.43,794,26373.15,Poupança,22,9
67,67,7927.86,2612.86,344,18385.53,Corrente,19,10
68,57,5490.04,2981.55,700,5620.74,Digital,30,11
69,21,7216.47,1919.88,546,17166.25,Corrente,20,11
70,19,6610.81,1837.06,749,4742.47,Digital,21,8
71,23,9919.46,1297.61,784,26008.21,Corrente,14,9
72,59,7636.05,1338.5,317,25613.71,Corrente,18,8
73,21,7844.01,1818.82,588,20320.06,Corrente,21,11
74,46,5970.31,2293.89,713,18616.61,Digital,24,11
75,35,5780.98,2730.87,534,32611.88,Corrente,18,9
76,43,5918.6,1357.46,715,14996.86,Corrente,16,13
77,61,7986.13,3194.15,798,3181.26,Corrente,15,7
78,51,5947.54,1783.1,414,19494.74,Poupança,15,8
79,27,7724.44,1982.91,533,35860.47,Poupança,23,8
80,53,12188.5,1402.23,839,4852.41,Corrente,18,15
81,31,9177.81,300.0,310,11385.37,Corrente,21,12
82,48,6184.94,2707.24,505,19164.46,Corrente,12,11
83,65,10003.03,2589.48,546,14460.95,Corrente,28,8
84,32,5979.81,1774.94,426,5176.96,Corrente,18,10
85,25,1904.69,2053.59,446,26218.58,Poupança,23,8
86,31,4479.78,2412.75,417,38200.41,Corrente,22,5
87,40,2323.02,749.96,681,16961.31,Corrente,20,7
88,57,6121.22,1576.76,711,5959.32,Corrente,19,8
89,38,7046.05,2635.41,662,0.0,Digital,18,10
90,33,11191.09,996.57,808,17579.76,Digital,23,10
91,62,7817.32,2234.85,436,26038.77,Digital,14,11
92,35,6452.25,914.73,474,19751.68,Corrente,28,8
93,64,9073.51,2373.14,588,14975.96,Corrente,20,9
94,41,1472.16,1971.49,780,9107.28,Corrente,18,9
95,43,7589.04,707.89,318,4078.36,Corrente,20,12
96,42,8927.16,2931.79,494,23347.51,Poupança,14,6
97,62,3303.53,1412.33,629,24137.72,Poupança,29,10
98,58,9859.39,1351.8,474,0.0,Digital,16,9
99,46,7846.24,2160.46,748,30898.39,Digital,13,17
100,32,5961.78,2918.91,653,20740.71,Corrente,16,13
101,62,8581.95,1187.34,798,28995.95,Poupança,20,14
102,18,12676.73,2049.34,440,1578.72,Corrente,14,7
103,42,7454.67,2343.05,392,1341.76,Corrente,20,15
104,24,7620.55,2554.48,538,13510.31,Poupança,25,13
105,26,5851.6,2141.15,504,20027.84,Corrente,24,10
106,41,4875.39,1706.38,732,32963.61,Corrente,21,7
107,18,9075.84,1337.93,544,22060.79,Corrente,19,14
108,61,4859.79,2068.92,616,12573.19,Poupança,22,9
109,25,7178.92,1142.29,594,4736.31,Poupança,22,9
110,41,5805.86,300.0,581,27300.01,Corrente,27,12
111,28,8197.45,2349.25,316,5352.95,Digital,12,8
112,68,7834.16,2723.15,370,31284.69,Corrente,20,8
113,34,9593.85,300.0,568,12156.15,Corrente,17,8
114,25,5724.96,1192.22,624,30905.82,Poupança,22,7
115,52,6325.31,2495.32,604,21789.31,Poupança,13,9
116,52,4553.09,3646.0,750,13630.05,Digital,17,10
117,50,5889.27,2016.63,306,9806.04,Corrente,16,10
118,22,7943.25,1417.6,613,11590.92,Poupança,16,8
119,59,8892.47,1853.68,402,19283.17,Poupança,14,16
120,56,4694.59,3099.9,492,15771.56,Digital,21,11
121,58,9174.01,1483.23,828,9061.89,Corrente,18,8
122,45,10389.09,1360.65,470,13343.69,Poupança,18,6
123,24,8033.59,1613.81,836,15785.77,Poupança,15,7
124,26,11691.99,1237.34,550,0.0,Corrente,18,16
125,25,5065.53,2098.14,686,19581.68,Corrente,16,10
126,29,3888.36,3299.74,506,5202.79,Corrente,22,8
127,51,2553.2,2258.46,840,3466.68,Poupança,21,15
128,50,10740.11,1798.12,715,0.0,Digital,22,9
129,65,8635.91,1766.55,679,0.0,Poupança,26,7
130,40,6861.04,749.45,443,1445.52,Poupança,23,10
131,41,7699.92,2706.49,324,7909.79,Poupança,18,13
132,54,4186.28,1937.73,372,34532.59,Corrente,21,12
133,52,13114.38,1855.62,392,9741.2,Corrente,24,10
134,61,7323.05,4554.49,804,16777.5,Corrente,22,9
135,57,7273.49,2239.0,635,19004.81,Corrente,21,18
136,39,8814.42,1398.57,724,16310.65,Corrente,22,12
137,44,8202.52,1658.91,798,14225.57,Poupança,25,9
138,52,7559.71,2918.76,663,3047.06,Corrente,21,9
139,18,5023.81,2090.62,498,29509.28,Corrente,18,10
140,52,8178.67,849.38,712,33071.97,Corrente,19,6
141,54,11705.06,2735.38,638,0.0,Corrente,28,6
142,64,10363.55,1465.48,728,4759.71,Digital,13,16
143,31,10982.97,3498.64,438,12201.9,Digital,26,12
144,20,5721.96,2864.04,841,5354.62,Poupança,13,15
145,18,4525.99,1642.14,356,20059.66,Corrente,16,13
146,22,6685.53,3024.81,531,7717.28,Poupança,24,14
147,43,7139.31,2054.28,734,36650.56,Digital,25,8
148,31,9735.48,2682.22,683,26905.49,Poupança,21,8
149,56,2768.84,2387.79,493,17125.74,Corrente,18,8
150,44,10823.88,1322.91,833,25269.86,Poupança,19,7
151,26,6604.98,1485.16,817,26059.0,Digital,28,11
152,32,5932.8,2823.97,484,9360.53,Poupança,15,9
153,32,4469.74,1732.18,591,6837.83,Poupança,29,12
154,43,2862.86,1677.08,634,15781.43,Corrente,15,12
155,59,9057.93,1235.9,415,23616.36,Poupança,21,17
156,30,7183.29,2338.88,348,16390.6,Corrente,22,15
157,68,3775.1,3650.02,381,0.0,Poupança,17,14
158,49,3762.3,1145.97,632,6971.76,Corrente,17,12
159,56,6160.54,2019.38,634,14260.27,Corrente,25,17
160,66,11172.55,3129.78,831,14243.34,Corrente,17,11
161,69,6351.02,1936.29,520,34725.42,Poupança,15,16
162,49,3242.14,2361.9,622,1140.12,Corrente,26,10
163,21,6385.64,1150.09,302,20055.89,Poupança,14,13
164,47,6318.19,2342.65,505,29891.13,Poupança,22,4
165,54,1000.0,1850.28,339,37714.5,Corrente,19,10
166,40,6864.26,2788.58,358,10956.03,Corrente,23,14
167,56,6422.66,2949.91,806,19914.29,Corrente,18,5
168,62,8740.52,4071.65,421,20697.6,Digital,20,10
169,32,11622.39,2463.71,778,16954.82,Poupança,25,9
170,60,9816.41,2260.64,395,14011.55,Corrente,25,9
171,46,6327.78,2155.51,713,19359.75,Corrente,19,10
172,53,4233.69,1717.47,534,0.0,Poupança,19,16
173,30,13433.4,2270.79,361,21820.69,Digital,30,12
174,49,7148.05,1763.68,555,16261.78,Digital,13,10
175,24,7034.82,2134.77,647,12775.25,Poupança,11,8
176,68,6939.69,3054.08,423,35468.62,Corrente,16,12
177,39,7495.21,1194.77,781,8250.66,Corrente,19,10
178,45,6639.1,2911.9,616,10969.24,Corrente,23,7
179,19,5565.84,3053.69,803,34915.53,Corrente,18,7
180,59,5632.85,1905.55,347,6679.39,Corrente,24,13
181,62,6918.12,302.52,708,9498.85,Corrente,20,7
182,23,5641.44,1513.74,435,13529.75,Corrente,20,13
183,45,5217.89,3037.6,500,23407.34,Digital,16,9
184,45,7266.08,1981.71,549,17078.03,Poupança,15,12
185,61,6362.56,1200.56,613,2073.75,Digital,22,13
186,61,10759.98,1596.18,667,9678.31,Poupança,28,8
187,37,1000.0,2672.5,728,8926.46,Corrente,20,6
188,47,9728.77,2437.39,779,14227.79,Poupança,27,8
189,28,10115.21,1808.85,613,19258.44,Corrente,18,12
190,45,1816.52,1706.54,799,19182.06,Poupança,27,12
191,42,6143.28,1686.59,654,0.0,Corrente,14,8
192,56,6071.4,1262.07,784,25639.41,Digital,27,12
193,50,3481.22,3292.3,510,17525.69,Corrente,19,11
194,18,5055.46,1742.14,343,28845.32,Corrente,21,9
195,44,4223.56,2973.73,840,19441.98,Digital,27,10
196,69,11380.68,3217.05,391,26013.23,Corrente,22,10
197,30,9339.2,2798.65,564,19665.45,Poupança,27,16
198,58,10178.89,1654.7,519,28462.26,Poupança,30,8
199,20,8804.18,2322.98,741,20222.51,Digital,20,14
200,56,4177.37,1980.64,700,14020.85,Digital,18,12
201,23,5688.7,1277.04,699,37724.35,Digital,20,7
202,25,8223.44,2259.49,789,23890.37,Corrente,22,6
203,44,3944.68,1056.77,784,20737.44,Digital,25,8
204,26,8782.5,2950.14,769,2236.96,Poupança,15,12
205,54,6399.19,1628.31,744,2116.92,Poupança,24,10
206,50,6062.95,2160.93,568,17927.15,Corrente,24,13
207,68,8777.4,2226.63,566,16455.21,Poupança,17,11
208,59,8110.66,1792.88,353,8858.77,Digital,16,11
209,61,6097.58,2469.36,827,16409.83,Digital,14,13
210,41,9898.32,1620.08,819,30886.27,Corrente,19,8
211,32,4297.34,2697.04,358,21954.02,Corrente,28,9
212,49,8539.84,923.22,339,3589.91,Corrente,20,9
213,49,8482.75,2101.1,536,13884.91,Digital,24,8
214,41,6226.13,3551.14,685,6950.34,Poupança,17,12
215,58,7815.33,1199.73,599,11123.0,Corrente,16,11
216,69,3872.22,1457.8,694,10863.84,Corrente,17,5
217,66,9310.07,2411.13,506,10223.54,Corrente,16,14
218,66,6537.74,2143.67,635,2448.65,Corrente,25,14
219,69,5693.19,2280.5,813,13723.45,Digital,16,10
220,29,9622.52,2391.35,477,9393.92,Poupança,17,9
221,56,5239.14,2507.78,695,0.0,Corrente,18,8
222,19,3478.85,2887.76,670,35529.72,Poupança,21,10
223,20,3108.43,2327.85,617,25887.7,Corrente,28,13
224,66,8515.02,1806.99,668,11236.99,Digital,16,13
225,54,3798.93,2538.06,683,15188.19,Corrente,21,4
226,66,11386.99,3519.91,361,3283.46,Corrente,19,12
227,34,1795.18,1893.89,804,31957.23,Corrente,23,14
228,66,11241.14,1220.38,538,33972.89,Poupança,17,11
229,19,7527.54,2885.66,494,16566.94,Poupança,19,10
230,19,6758.22,1903.7,521,25235.31,Poupança,30,15
231,45,5637.7,300.0,360,16752.87,Corrente,17,10
232,40,7997.84,2677.94,428,1632.75,Corrente,20,7
233,54,6905.91,1571.74,455,10881.77,Corrente,22,9
234,49,9758.25,1927.57,677,16319.28,Poupança,21,10
235,50,7285.57,2265.58,736,10454.52,Corrente,14,12
236,18,7375.75,2152.4,506,12813.47,Poupança,26,11
237,36,6090.97,2567.56,687,14086.0,Digital,24,6
238,19,6857.64,1651.61,779,14191.22,Digital,19,7
239,61,7769.5,2410.48,639,15522.58,Corrente,25,7
240,43,2724.58,1792.36,639,4393.95,Corrente,20,6
241,49,3629.54,2591.05,503,7829.84,Corrente,20,13
242,23,8858.16,2492.29,460,2154.16,Poupança,30,10
243,49,7427.16,1251.65,839,24778.16,Digital,17,11
244,21,6540.04,2868.79,691,0.0,Corrente,25,10
245,28,7046.08,1571.23,833,26535.9,Corrente,22,16
246,34,7868.95,2646.45,369,28863.49,Digital,16,11
247,55,5650.6,2293.83,704,11978.19,Digital,11,8
248,41,5054.24,3470.55,816,0.0,Corrente,21,9
249,22,7489.61,1821.23,419,11386.89,Poupança,23,13
250,69,4554.07,1720.55,516,14358.16,Corrente,24,12
251,51,8020.63,1984.46,355,4894.02,Corrente,15,8
252,23,2743.54,1757.46,665,9847.82,Digital,25,12
253,39,9572.89,2639.95,803,30301.95,Digital,19,6
254,28,8181.49,706.95,754,21649.27,Poupança,15,7
255,65,7640.07,1157.05,403,5754.36,Corrente,30,10
256,33,9456.73,1145.76,376,0.0,Digital,16,8
257,50,11163.69,2760.25,529,11729.83,Corrente,28,9
258,26,9535.93,3368.49,557,12865.43,Corrente,18,6
259,23,2397.81,1916.44,563,19961.99,Poupança,18,14
260,33,3801.06,1864.94,630,9646.83,Corrente,20,9
261,46,5437.95,2056.04,481,20115.0,Poupança,16,12
262,20,7065.23,2929.5,849,34351.54,Poupança,16,12
263,37,8294.15,1258.12,326,23155.01,Corrente,17,12
264,53,5185.64,2190.7,575,14519.11,Corrente,20,10
265,36,7466.92,2780.16,598,13168.5,Corrente,16,10
266,43,5111.54,2400.88,390,11433.27,Corrente,18,14
267,20,5471.21,2151.67,779,26806.41,Poupança,21,15
268,36,3483.35,2800.84,757,8726.87,Digital,21,8
269,37,4691.92,300.0,750,15452.23,Corrente,18,5
270,49,3620.79,2542.3,664,15511.98,Corrente,22,11
271,24,4560.32,1476.74,650,9982.16,Poupança,21,15
272,69,9634.1,535.49,699,1275.34,Digital,19,5
273,58,4626.5,2408.96,552,18229.75,Corrente,17,10
274,50,13580.96,3098.93,758,14389.96,Corrente,20,8
275,57,8233.29,1890.04,798,20002.4,Poupança,24,11
276,56,7462.09,2762.3,807,9664.0,Corrente,22,10
277,35,4854.11,3289.82,603,27208.21,Corrente,28,17
278,57,8750.77,3051.93,800,6232.26,Poupança,23,10
279,18,5560.91,3311.97,465,32120.4,Poupança,16,9
280,28,7305.02,2593.7,714,0.0,Poupança,26,5
281,45,13400.21,2060.35,761,19347.7,Poupança,28,8
282,42,6759.85,718.43,413,19754.31,Poupança,20,10
283,67,9873.18,1803.15,732,7044.43,Corrente,24,11
284,40,5242.06,1325.4,655,19243.94,Corrente,29,10
285,48,6912.53,3736.75,506,27795.19,Corrente,22,10
286,47,11427.0,1859.29,534,0.0,Corrente,14,8
287,59,5432.58,2098.56,741,20027.45,Poupança,15,16
288,52,11531.12,2441.19,654,0.0,Digital,18,4
289,24,8769.38,2034.88,814,5343.35,Digital,22,15
290,33,5593.83,3356.04,507,31291.66,Poupança,20,9
291,43,8581.02,1501.88,424,9182.18,Corrente,21,9
292,65,9431.39,2155.69,437,3261.2,Corrente,21,11
293,69,8554.52,1406.02,638,13020.62,Digital,18,7
294,66,3074.44,943.98,836,35679.06,Poupança,19,8
295,19,5182.16,1510.58,367,0.0,Poupança,22,8
296,18,6381.2,1970.37,840,4486.9,Poupança,22,6
297,65,6813.92,1656.56,682,29974.32,Poupança,17,12
298,29,8551.68,1446.06,318,33577.02,Digital,23,11
299,22,7444.25,874.95,749,13965.69,Corrente,18,5
300,54,3661.64,1933.52,373,2609.47,Poupança,25,12
301,49,7950.49,796.22,575,35958.44,Digital,30,14
302,26,8526.46,2608.04,347,30944.42,Corrente,17,12
303,58,8399.48,2065.95,510,21789.47,Poupança,26,9
304,52,9701.95,833.96,839,6875.98,Corrente,19,10
305,36,9084.81,1752.63,490,14509.71,Digital,20,9
306,65,8147.95,1398.27,614,13396.4,Corrente,24,4
307,33,6824.59,2255.34,412,18308.51,Poupança,23,9
308,20,2847.6,3072.36,469,29510.01,Corrente,27,12
309,37,8074.05,499.86,767,23794.17,Poupança,20,3
310,41,7519.22,2092.02,313,4226.24,Corrente,19,8
311,50,7678.95,1871.89,587,28764.96,Corrente,12,6
312,41,3808.13,2537.07,488,18131.32,Corrente,18,16
313,69,4297.36,2170.56,454,21870.66,Digital,17,7
314,28,9632.88,1398.42,770,29665.41,Corrente,22,9
315,66,6901.11,1744.76,374,3884.2,Corrente,20,10
316,25,8703.75,1363.18,576,14641.74,Poupança,26,12
317,53,7070.8,2860.81,642,9685.45,Poupança,22,8
318,55,7074.39,2017.05,724,0.0,Digital,29,10
319,57,9345.71,3520.95,810,18467.1,Corrente,24,7
320,37,5709.89,1951.47,481,40115.57,Poupança,28,6
321,52,7240.3,1433.27,757,0.0,Corrente,24,11
322,65,5844.31,789.03,363,14677.19,Corrente,19,13
323,42,5913.76,557.49,559,21405.43,Poupança,24,7
324,52,6227.07,732.69,492,16230.78,Poupança,17,12
325,42,7555.33,2213.7,705,13868.72,Poupança,20,15
326,46,5803.13,2406.98,392,2007.84,Corrente,17,12
327,35,10139.39,735.05,729,17327.87,Corrente,23,9
328,63,4763.48,2716.03,733,7432.36,Corrente,22,9
329,35,6532.82,1613.55,703,0.0,Digital,23,9
330,19,5900.67,2117.43,733,26945.92,Corrente,26,3
331,52,10617.44,3289.78,411,24583.86,Corrente,17,6
332,33,7491.39,2717.47,674,15516.61,Corrente,20,5
333,58,9579.61,1785.18,358,17290.75,Poupança,18,8
334,53,3286.1,1287.05,342,25743.18,Corrente,13,16
335,50,7667.63,300.0,506,17243.4,Digital,16,9
336,21,9224.08,1424.68,595,24040.18,Corrente,16,10
337,50,7205.71,1831.1,417,12025.18,Digital,21,8
338,31,9663.7,1210.26,831,28119.84,Corrente,20,9
339,38,5706.78,1894.99,521,18207.86,Poupança,21,13
340,65,10523.37,2061.48,465,16940.52,Digital,20,11
341,37,12747.25,1820.12,455,2299.39,Corrente,25,8
342,25,6092.9,1480.0,483,17869.56,Digital,14,7
343,24,5886.24,2134.92,389,6680.45,Corrente,28,10
344,20,10633.46,2353.55,393,8617.17,Digital,18,17
345,34,10948.93,1127.68,312,6846.24,Poupança,20,11
346,50,5692.85,3128.75,737,4337.65,Corrente,28,11
347,65,5949.53,1921.13,837,36247.71,Corrente,16,8
348,29,6295.54,2015.08,449,28313.39,Corrente,18,8
349,68,3638.87,2566.57,307,34203.68,Corrente,19,3
350,39,4703.37,2186.57,328,2771.05,Corrente,17,9
351,39,4489.65,2762.51,595,15712.54,Corrente,14,9
352,63,5080.51,2229.7,639,2064.92,Corrente,21,9
353,47,6913.29,1510.05,738,8043.05,Poupança,29,17
354,55,7585.54,2289.2,443,5818.73,Corrente,14,10
355,55,10876.25,1085.02,818,27395.84,Corrente,26,10
356,62,4504.11,2086.85,344,11037.7,Poupança,30,8
357,68,9460.81,1973.42,538,25683.79,Corrente,10,10
358,25,6465.03,1833.51,454,21041.21,Corrente,18,8
359,44,6876.34,1897.17,480,38036.39,Corrente,21,9
360,44,8687.05,494.52,514,205.56,Digital,22,19
361,51,4193.19,1561.02,387,27592.33,Digital,14,9
362,38,7956.02,2074.28,555,26464.41,Corrente,17,9
363,47,7416.13,2127.89,810,5266.21,Poupança,22,7
364,50,8231.13,1177.86,372,25071.33,Poupança,15,10
365,45,7722.92,3012.57,478,18361.45,Poupança,17,13
366,64,13138.25,1307.06,511,12725.24,Poupança,17,8
367,50,5405.65,2775.57,533,6760.65,Poupança,10,8
368,22,5672.51,2341.76,764,7808.91,Corrente,23,7
369,65,5442.15,1483.02,522,35498.12,Corrente,16,7
370,36,5611.31,3420.25,563,15006.83,Corrente,22,10
371,21,5406.53,1045.09,506,22821.3,Digital,24,7
372,52,9972.54,2735.32,665,7091.01,Poupança,15,13
373,66,10551.26,2800.47,575,7201.47,Digital,20,12
374,34,5573.13,1463.5,679,25819.85,Digital,22,13
375,61,4919.11,3113.97,608,1504.24,Corrente,19,7
376,45,8178.54,1799.96,567,10847.86,Poupança,17,6
377,47,5619.44,2230.95,363,15340.27,Poupança,24,10
378,46,8582.33,2208.26,649,16113.73,Digital,21,12
379,63,7507.31,1892.55,793,13209.07,Digital,14,12
380,23,3210.64,2648.65,822,18958.2,Poupança,16,8
381,52,10868.76,2634.79,397,21928.56,Corrente,21,8
382,58,11489.69,601.17,370,22346.38,Poupança,23,13
383,54,5468.03,3043.47,663,5141.96,Corrente,13,8
384,41,6030.75,670.01,575,12158.45,Poupança,15,10
385,46,7714.66,2826.04,349,26947.63,Digital,18,7
386,66,7836.14,2901.36,657,23946.47,Corrente,14,7
387,63,8646.36,1127.23,784,1271.41,Poupança,17,16
388,48,12025.51,1671.35,383,18514.8,Corrente,25,14
389,52,6557.63,1115.44,595,0.0,Corrente,24,11
390,50,5004.26,1828.06,535,15469.35,Corrente,17,13
391,69,3551.7,1753.57,355,33977.67,Poupança,19,6
392,38,5172.67,2623.73,659,5521.07,Digital,16,13
393,49,6917.18,3048.25,409,6656.77,Digital,20,9
394,40,11486.39,3116.55,491,22640.3,Corrente,12,9
395,50,5705.97,1550.27,392,0.0,Digital,16,10
396,20,7559.47,1832.62,359,8672.45,Poupança,15,5
397,35,6958.94,653.25,338,20964.41,Corrente,16,10
398,42,9970.98,1355.3,839,8657.14,Corrente,29,7
399,59,13317.33,2771.88,348,12640.3,Corrente,18,10
400,48,5672.83,3292.47,719,22441.86,Digital,10,13
401,20,5776.4,1012.52,312,19215.46,Poupança,22,6
402,57,9610.4,1526.03,335,17668.18,Poupança,29,11
403,63,8704.73,1978.88,400,11608.78,Corrente,23,12
404,41,11616.77,2224.13,385,18700.61,Poupança,20,7
405,67,8459.82,1352.32,815,13762.67,Corrente,19,17
406,49,6101.77,2339.25,522,19578.06,Corrente,18,11
407,64,8476.64,1620.93,637,10030.68,Poupança,20,9
408,39,9771.76,1988.44,465,13174.31,Corrente,15,11
409,40,9051.21,2437.03,682,5100.42,Digital,23,12
410,19,8268.19,2005.14,675,14649.92,Corrente,20,10
411,44,9666.69,1650.89,770,6889.99,Poupança,20,10
412,59,9923.24,1912.31,330,3859.54,Corrente,20,9
413,19,10455.4,1929.31,674,17586.61,Poupança,22,5
414,43,8621.77,1703.99,310,17127.4,Corrente,13,15
415,34,6582.2,1792.96,601,22828.74,Corrente,14,8
416,57,7366.78,3278.92,395,10688.74,Digital,20,5
417,50,10016.27,2448.74,489,19080.53,Corrente,21,14
418,26,4957.66,1763.62,752,20507.98,Digital,19,11
419,60,7921.68,2557.56,491,19447.74,Digital,23,14
420,65,6016.65,1732.94,785,6743.46,Corrente,17,8
421,56,7071.86,2938.5,565,16493.63,Corrente,22,14
422,46,10196.13,2295.71,723,18641.4,Poupança,25,12
423,59,7477.75,1914.16,427,15071.78,Digital,17,9
424,43,7116.09,2358.17,537,0.0,Digital,22,15
425,52,3600.36,743.3,654,16604.9,Poupança,21,8
426,67,8865.63,1098.59,411,37125.31,Poupança,18,8
427,42,8613.71,1044.86,745,11399.61,Corrente,15,11
428,41,12408.14,2114.35,642,7719.23,Digital,19,4
429,30,6230.55,3386.01,444,18733.49,Digital,16,12
430,24,7547.88,3785.04,364,18123.78,Corrente,20,9
431,53,7623.46,2510.44,546,26927.35,Corrente,17,9
432,62,10943.63,2400.68,789,2421.32,Corrente,15,7
433,37,6761.76,559.15,738,22313.8,Corrente,18,12
434,18,7697.55,1565.86,405,20904.22,Digital,20,13
435,25,8519.74,1369.77,480,13578.53,Corrente,13,12
436,63,7466.52,1503.32,483,18386.87,Corrente,22,12
437,33,5883.92,1865.48,525,25294.57,Corrente,17,14
438,31,7485.22,1622.33,388,23723.15,Digital,15,6
439,29,9684.08,416.56,829,3569.81,Poupança,16,15
440,68,4433.71,2598.33,670,23201.58,Corrente,17,14
441,40,7332.42,1141.81,698,14353.11,Corrente,22,6
442,32,5249.7,2191.4,405,15728.74,Digital,14,5
443,45,9987.62,3659.27,570,15731.97,Digital,18,6
444,51,3192.03,1264.49,802,13497.57,Corrente,21,8
445,19,5602.7,300.0,824,26917.07,Corrente,22,11
446,49,7943.03,1771.2,331,14162.82,Corrente,20,10
447,40,10913.81,2880.77,692,3804.54,Corrente,17,13
448,39,6835.62,3566.68,339,11064.7,Poupança,21,7
449,68,5612.0,1016.36,517,16786.95,Digital,16,8
450,42,11702.89,2397.36,381,27292.15,Corrente,20,10
451,39,3379.97,1627.75,500,21030.95,Digital,27,14
452,39,1502.99,1915.24,746,6494.65,Corrente,18,16
453,66,8100.04,4115.47,727,39851.9,Poupança,25,8
454,69,5744.86,797.62,337,17647.75,Poupança,21,8
455,59,4446.92,2202.99,510,27753.91,Corrente,25,10
456,23,8770.89,2374.15,743,13482.86,Corrente,26,10
457,32,7609.5,2868.63,626,20333.59,Poupança,19,9
458,60,5589.8,2078.39,526,23394.69,Corrente,22,6
459,54,3799.24,2246.44,347,27181.95,Corrente,26,12
460,50,9181.14,1686.68,317,25573.68,Poupança,18,12
461,25,8625.5,2215.3,738,23721.97,Digital,19,11
462,61,6752.06,1725.45,486,11849.13,Corrente,19,10
463,61,11616.59,2497.26,644,9282.54,Digital,19,10
464,22,4324.79,1704.31,523,18326.08,Corrente,21,12
465,56,3186.19,2301.68,787,24331.28,Poupança,13,12
466,21,5270.23,1976.59,528,12772.79,Poupança,18,17
467,23,6886.03,2900.84,689,25651.72,Digital,26,9
468,62,7608.35,1958.89,487,29526.17,Corrente,16,10
469,49,6396.91,581.57,569,5836.79,Poupança,21,17
470,69,7880.14,3009.54,609,6630.79,Poupança,14,8
471,47,3871.15,1275.41,431,13596.25,Corrente,19,14
472,64,10609.41,1476.99,371,18076.13,Corrente,21,8
473,52,6794.62,1523.47,486,9754.33,Corrente,21,9
474,57,9793.24,3099.55,785,28522.03,Corrente,17,10
475,69,7856.81,300.0,490,19240.67,Digital,24,6
476,33,8141.88,4510.2,721,15394.47,Corrente,18,9
477,30,8424.42,2844.85,419,640.9,Corrente,21,9
478,67,8119.27,2178.59,519,1841.84,Poupança,18,6
479,59,8606.81,1956.08,352,17810.09,Corrente,21,10
480,47,10322.88,2228.44,750,0.0,Poupança,22,14
481,36,7491.3,2416.9,711,25126.37,Corrente,12,16
482,34,8772.51,2516.17,536,13418.46,Digital,16,10
483,36,6775.66,2444.48,705,47430.93,Digital,25,5
484,45,10600.29,2071.66,721,38079.16,Digital,24,6
485,43,5309.02,1842.13,546,13185.51,Corrente,19,15
486,54,11502.35,1878.98,371,13936.63,Poupança,15,12
487,43,6899.61,1844.07,484,24955.82,Corrente,15,11
488,40,3423.06,2907.02,305,32031.73,Corrente,24,12
489,26,7320.26,2474.85,505,0.0,Corrente,25,15
490,29,5297.37,300.0,843,0.0,Poupança,29,11
491,18,9101.61,2524.72,686,8779.65,Corrente,22,15
492,18,5368.44,2155.79,375,20827.38,Poupança,22,7
493,64,5884.54,1985.03,476,19968.74,Corrente,15,13
494,51,2276.15,1689.19,648,25697.71,Corrente,20,7
495,49,5869.23,2899.29,554,3003.02,Poupança,23,13
496,65,1000.0,2758.02,607,0.0,Corrente,14,15
497,42,3040.24,1381.7,644,23580.14,Poupança,20,10
498,57,8901.04,2325.64,426,6718.04,Corrente,28,9
499,62,8964.5,1222.67,586,0.0,Digital,25,10
500,18,8063.64,896.31,786,16450.64,Poupança,18,7
501,33,4582.56,1498.63,682,22931.76,Corrente,21,11
502,56,6880.72,2689.91,705,13779.43,Corrente,27,6
503,22,6990.99,2762.5,687,10421.52,Poupança,22,10
504,39,4104.09,2410.47,824,13406.38,Digital,20,11
505,46,10758.5,2580.08,575,11294.17,Corrente,19,7
506,20,9193.41,2412.94,799,1519.53,Corrente,20,11
507,29,6447.59,1486.81,636,7853.19,Digital,16,11
508,43,7067.21,2345.54,780,20212.8,Poupança,22,12
509,33,7520.96,2640.33,572,18216.79,Corrente,21,13
510,68,1895.66,2603.43,357,16680.6,Corrente,17,7
511,54,6382.06,2951.13,627,5048.52,Corrente,15,9
512,39,5295.04,2566.64,408,13184.97,Poupança,18,13
513,46,4495.95,2281.16,578,0.0,Corrente,17,11
514,31,6297.25,2856.12,627,16784.77,Digital,27,7
515,45,11494.22,1978.78,614,29288.58,Corrente,16,12
516,22,8602.11,1294.5,773,258.68,Corrente,17,7
517,64,5572.05,1869.55,410,9140.72,Poupança,26,8
518,66,8431.46,1404.08,528,18291.07,Digital,15,8
519,47,10498.39,1459.86,796,27528.43,Digital,20,12
520,63,9311.58,1884.39,455,10517.75,Corrente,26,5
521,69,7149.08,1366.06,772,8077.5,Poupança,27,5
522,22,5382.66,1753.63,571,0.0,Poupança,20,5
523,29,8745.56,485.11,301,16034.38,Corrente,22,10
524,33,7983.71,2170.63,810,35420.76,Corrente,18,11
525,43,9237.98,2000.96,585,17773.58,Corrente,11,11
526,43,8587.93,1346.33,312,14777.21,Corrente,19,2
527,65,9623.88,2527.4,797,18220.82,Digital,19,11
528,38,5661.91,2750.06,537,14889.08,Corrente,15,16
529,56,10293.49,713.95,393,6869.86,Digital,20,11
530,53,7494.0,1389.82,637,23232.8,Poupança,17,13
531,50,12188.15,1384.69,470,17257.62,Poupança,12,14
532,47,5277.03,1248.08,766,15176.13,Poupança,12,15
533,54,11339.91,2663.58,442,5246.34,Corrente,23,8
534,40,7494.78,1844.94,500,28035.08,Corrente,20,13
535,27,5371.45,1788.39,479,21647.03,Corrente,24,7
536,22,5790.29,396.91,663,9470.79,Poupança,18,10
537,53,6199.13,2508.33,778,25018.25,Corrente,22,10
538,51,8060.41,1008.59,770,10024.29,Poupança,26,15
539,69,8307.09,2047.95,683,7179.97,Corrente,24,9
540,48,5565.75,2221.9,716,7402.97,Corrente,26,10
541,27,6939.11,3088.53,607,0.0,Corrente,20,10
542,36,12355.68,952.94,666,19715.42,Digital,12,10
543,49,11318.86,300.0,300,0.0,Poupança,29,7
544,18,8090.81,2147.08,343,2715.56,Corrente,21,13
545,22,7095.01,3440.41,397,0.0,Poupança,13,11
546,62,7300.08,2991.16,564,14139.3,Corrente,23,12
547,21,8533.79,2167.73,439,13496.8,Digital,17,9
548,33,4443.02,1606.69,780,11733.04,Poupança,16,11
549,41,6356.56,2645.7,536,4574.22,Corrente,29,6
550,33,2828.54,1221.16,371,3277.66,Poupança,19,11
551,19,7998.06,2381.09,489,19643.7,Corrente,18,12
552,66,8617.99,2404.38,567,9494.48,Digital,22,7
553,45,5792.03,2848.17,620,18163.58,Corrente,10,10
554,49,10934.97,4207.73,406,6147.51,Poupança,21,8
555,44,3935.59,2313.93,531,16810.63,Corrente,20,6
556,37,3339.06,1592.83,341,28032.78,Poupança,16,13
557,41,7561.13,1979.54,438,20861.66,Poupança,27,5
558,29,9617.75,584.74,572,10875.86,Poupança,13,11
559,67,11209.82,1444.23,780,17571.99,Poupança,28,10
560,52,5852.79,1672.57,715,12593.35,Digital,20,12
561,50,9696.7,1580.73,805,15078.8,Corrente,13,18
562,50,6903.73,2121.88,723,11743.89,Corrente,27,7
563,68,6568.43,1342.06,706,13356.65,Corrente,22,10
564,60,9209.15,2896.82,689,17120.93,Digital,21,14
565,54,8630.81,2000.17,641,5066.41,Corrente,23,13
566,29,3059.02,1992.56,792,4841.21,Poupança,19,13
567,20,10691.35,1737.68,491,1114.57,Poupança,15,14
568,18,10450.23,2124.15,798,0.0,Corrente,17,10
569,50,5436.09,2660.08,532,2827.17,Corrente,15,10
570,57,7989.51,1306.3,526,16594.63,Corrente,14,24
571,27,8235.08,1473.51,670,6072.12,Corrente,16,12
572,60,7651.68,1757.02,438,20136.14,Corrente,17,16
573,61,5624.24,923.3,448,15347.14,Corrente,27,11
574,46,5320.94,1344.59,414,0.0,Digital,21,14
575,30,6936.11,1619.02,749,21549.76,Digital,18,12
576,29,9931.82,2699.51,362,23107.99,Corrente,22,13
577,48,8359.0,2210.05,403,5061.37,Corrente,17,10
578,63,6073.46,2154.87,572,19201.92,Corrente,13,8
579,19,8929.25,2680.72,305,6435.02,Poupança,20,9
580,68,1000.0,1890.1,446,15976.7,Digital,16,22
581,67,9871.91,2312.37,483,2355.02,Corrente,18,15
582,52,2650.72,1917.42,327,0.0,Corrente,18,11
583,40,6093.9,2212.29,849,11171.83,Poupança,27,9
584,34,4200.83,1533.79,418,13762.71,Poupança,19,9
585,43,3763.3,300.0,592,11023.2,Corrente,26,5
586,25,9902.07,1892.58,670,3159.69,Poupança,29,9
587,46,5830.75,3138.2,543,11001.01,Corrente,18,11
588,43,7866.26,2740.97,517,17692.95,Corrente,21,10
589,27,6882.7,2772.32,476,14551.07,Poupança,19,8
590,43,8192.6,2988.9,598,16825.01,Digital,23,14
591,51,7192.05,2070.93,357,8298.85,Corrente,29,7
592,68,3792.52,2157.85,568,26717.18,Digital,16,15
593,58,9490.67,1505.88,607,3238.27,Corrente,8,15
594,24,5765.61,1747.14,587,19875.6,Poupança,14,17
595,21,3108.55,2492.62,404,26818.91,Corrente,16,12
596,67,5929.71,2963.11,527,19809.08,Digital,16,10
597,62,10751.9,1888.44,546,12974.76,Digital,13,12
598,28,9125.55,1639.85,793,9717.03,Corrente,16,10
599,46,6128.37,2000.42,382,25360.88,Digital,27,17
600,53,6126.86,2480.97,485,770.25,Digital,18,7
601,42,6195.91,844.92,551,5298.76,Poupança,19,9
602,38,12191.87,300.0,654,11024.42,Corrente,19,10
603,53,7954.84,1559.57,509,27376.54,Digital,29,12
604,27,8075.1,1023.43,746,18797.68,Digital,21,5
605,54,9575.71,1593.49,759,5319.54,Corrente,16,7
606,26,7596.97,1881.78,771,11896.92,Digital,16,8
607,41,6352.39,1637.4,669,8856.77,Corrente,15,6
608,52,6509.13,3161.97,791,7902.11,Corrente,21,6
609,66,6821.0,2261.4,436,24788.9,Poupança,18,15
610,52,6906.94,2240.38,666,1282.57,Poupança,21,10
611,65,8819.07,2497.77,483,31087.81,Poupança,11,11
612,53,7129.86,1088.93,586,23282.3,Corrente,25,9
613,35,8831.6,2831.29,771,25908.62,Digital,25,13
614,66,6798.21,1939.39,674,10370.6,Corrente,14,5
615,56,7196.59,2536.38,836,13500.59,Corrente,17,13
616,49,2004.5,1142.51,810,668.48,Corrente,24,11
617,41,9290.82,756.99,549,9753.38,Poupança,20,9
618,40,7866.22,2654.31,809,19936.55,Digital,19,10
619,49,9495.03,2301.13,372,27960.63,Poupança,14,6
620,54,1000.0,1278.36,581,3928.43,Digital,11,15
621,29,12220.94,1304.27,659,11344.94,Corrente,15,14
622,66,6651.03,2900.35,309,13487.01,Poupança,18,11
623,30,9770.46,1048.47,510,1042.11,Corrente,25,10
624,40,4400.24,3314.14,451,20913.49,Corrente,20,10
625,42,8531.93,1279.5,304,7760.1,Corrente,22,6
626,52,4366.46,2510.71,494,13046.1,Poupança,22,6
627,58,5440.58,1737.11,582,10480.51,Poupança,21,20
628,47,11785.08,2482.55,763,7106.61,Poupança,16,8
629,34,6523.29,1564.71,412,14929.55,Corrente,17,11
630,66,7543.58,1869.77,570,12843.9,Corrente,15,7
631,37,9175.17,2032.74,462,11281.42,Poupança,24,16
632,65,8239.2,1198.25,759,7715.38,Corrente,20,12
633,42,7376.05,2592.66,404,18195.25,Digital,23,9
634,39,7912.4,1589.43,581,31536.17,Poupança,17,7
635,30,13008.54,1817.12,461,16398.87,Corrente,21,11
636,36,6855.95,1204.52,650,24961.18,Digital,17,8
637,66,7502.75,300.0,733,1097.78,Poupança,14,6
638,53,9626.64,1847.18,439,16577.61,Corrente,19,11
639,29,9763.81,3930.09,770,4026.32,Poupança,26,15
640,58,9967.58,2627.68,431,230.75,Corrente,20,8
641,36,8596.83,1984.59,386,7606.29,Digital,22,10
642,29,4142.49,1789.69,482,26918.99,Digital,14,12
643,26,11083.58,2017.97,667,24500.16,Digital,22,8
644,24,4134.14,2437.7,428,17430.05,Poupança,15,9
645,45,7756.59,1055.35,545,0.0,Corrente,29,13
646,31,5114.31,2891.46,677,13037.19,Poupança,24,7
647,48,6839.65,2572.31,448,18017.0,Corrente,21,10
648,69,7821.91,2574.55,732,16755.36,Poupança,17,6
649,36,7803.39,2350.78,768,0.0,Poupança,20,9
650,64,8054.8,2015.69,745,6096.82,Corrente,18,13
651,33,11034.28,2538.29,780,14359.22,Corrente,18,13
652,22,8133.84,2473.45,593,20362.91,Digital,27,12
653,52,6389.61,1716.77,442,0.0,Digital,18,8
654,29,9410.22,1541.12,549,13378.76,Corrente,22,10
655,42,9973.68,2081.49,601,16430.49,Corrente,28,7
656,69,3930.98,3239.22,324,23496.12,Corrente,30,13
657,38,8493.5,1008.71,369,21928.58,Digital,21,11
658,53,8752.93,825.98,411,20825.71,Corrente,27,7
659,40,6256.09,2131.81,663,7000.59,Poupança,22,7
660,33,10439.27,2040.71,602,0.0,Corrente,15,11
661,56,6624.86,2138.67,770,11069.47,Poupança,26,10
662,62,7313.94,2195.16,390,25016.32,Corrente,14,8
663,59,6567.32,1821.44,829,28934.55,Poupança,21,2
664,56,7038.95,3191.89,491,22105.49,Corrente,17,12
665,31,4259.31,719.28,541,19293.41,Poupança,19,13
666,48,3399.87,1337.2,437,18796.4,Corrente,20,9
667,22,10986.26,1917.4,644,9438.81,Poupança,23,12
668,52,4882.6,685.45,479,13699.4,Digital,16,6
669,40,4521.52,1859.32,802,31690.7,Corrente,23,8
670,46,1616.52,3329.18,502,5574.42,Digital,19,11
671,60,5402.6,2016.71,491,31147.79,Poupança,24,11
672,28,3692.28,2184.56,304,11779.72,Corrente,22,12
673,35,11105.04,991.87,536,28254.32,Corrente,17,10
674,64,9524.54,1506.91,610,931.85,Corrente,14,14
675,29,5279.62,1699.84,848,20859.04,Poupança,16,9
676,26,12631.09,1745.83,355,7632.3,Poupança,27,11
677,27,9454.41,3025.32,742,847.33,Corrente,23,15
678,61,6187.92,2446.15,536,17185.34,Poupança,21,12
679,34,1000.0,1110.83,496,25094.72,Digital,24,17
680,55,12727.36,2197.2,813,6550.59,Digital,23,11
681,24,3526.07,2398.58,748,9.84,Poupança,25,8
682,63,2886.5,2912.12,659,14081.55,Digital,22,11
683,30,9556.43,3264.43,329,14125.65,Poupança,22,5
684,57,13099.38,1187.92,407,20483.2,Corrente,20,12
685,59,10460.68,1351.31,744,24495.95,Digital,19,15
686,26,8409.77,993.94,737,14405.85,Corrente,20,8
687,67,8486.89,1812.78,756,33555.03,Corrente,24,9
688,44,9133.54,2373.09,794,17242.35,Corrente,16,11
689,19,8897.32,2789.87,546,11535.73,Digital,25,12
690,22,7702.98,1939.24,842,0.0,Digital,20,5
691,46,7260.5,1744.12,738,12373.4,Corrente,18,14
692,54,6843.52,2121.41,577,11636.13,Corrente,16,16
693,55,5115.09,1331.89,410,24603.05,Corrente,24,11
694,36,6298.31,3671.63,684,19624.84,Poupança,17,8
695,25,2767.61,713.87,490,3206.31,Corrente,19,6
696,65,6754.15,2147.79,789,16722.54,Poupança,23,10
697,62,4528.52,3618.88,725,21715.31,Corrente,26,10
698,18,4241.03,2005.44,704,30280.31,Corrente,14,13
699,39,7449.74,1847.97,634,23875.04,Corrente,30,13
700,69,10480.01,1714.04,508,22608.47,Corrente,24,9
701,34,9295.79,1855.69,321,15600.86,Digital,18,10
702,24,3073.75,3098.28,507,18883.12,Corrente,20,5
703,42,4525.93,300.0,307,27495.05,Corrente,22,7
704,62,9351.93,3226.75,828,1672.23,Corrente,30,9
705,21,4543.78,860.83,465,11505.61,Corrente,30,11
706,53,6438.42,1786.68,795,7274.31,Corrente,20,10
707,23,8375.13,1656.6,728,18791.53,Corrente,19,6
708,48,4579.14,2470.84,462,27302.22,Poupança,19,9
709,36,7263.44,721.5,665,9030.26,Poupança,23,6
710,61,3664.94,2369.74,825,0.0,Corrente,25,9
711,56,5496.58,3619.45,538,10877.79,Corrente,21,18
712,44,7799.45,909.46,371,24134.74,Digital,18,14
713,27,3017.52,2151.76,744,20376.3,Corrente,17,7
714,43,8101.19,1470.41,808,19281.86,Corrente,16,10
715,36,6950.91,2340.71,568,12200.07,Corrente,22,7
716,56,8381.22,2015.32,714,2209.69,Corrente,30,9
717,20,7559.79,1486.81,544,20152.94,Poupança,26,12
718,62,10410.35,2390.3,359,6657.18,Corrente,20,7
719,30,7313.06,3443.48,305,36840.97,Poupança,12,14
720,67,5926.49,1847.28,706,20705.07,Corrente,19,9
721,45,7305.74,2575.81,516,9193.52,Corrente,18,9
722,37,8358.25,965.38,325,8886.15,Poupança,24,9
723,45,7122.15,1234.85,304,14070.56,Corrente,15,10
724,25,7101.48,2377.93,831,12604.98,Poupança,23,14
725,58,5245.02,3187.29,689,26168.34,Corrente,20,11
726,56,5342.75,2284.49,747,16864.16,Poupança,19,12
727,18,3493.49,1749.55,445,7683.68,Corrente,23,15
728,20,11373.94,1999.43,687,33904.41,Digital,15,7
729,30,3890.34,999.67,548,15493.08,Corrente,17,14
730,45,5267.74,2483.61,825,22688.4,Digital,14,7
731,66,5203.98,2705.87,761,8917.73,Corrente,17,7
732,42,9237.31,1638.33,312,18631.16,Poupança,26,9
733,50,6262.63,1623.97,683,18111.1,Corrente,24,10
734,55,10119.36,2212.7,698,0.0,Digital,22,13
735,23,5316.27,1650.62,318,35152.75,Corrente,19,12
736,61,7697.49,1947.09,790,27906.44,Corrente,20,17
737,62,4911.63,3679.78,718,11028.05,Corrente,14,14
738,49,12362.87,1802.38,636,3977.3,Corrente,22,12
739,62,4031.0,1713.33,718,18475.62,Corrente,30,7
740,64,7774.55,1481.97,421,15866.98,Digital,17,5
741,38,8584.44,2595.35,731,18556.69,Digital,20,11
742,33,8034.5,1855.02,343,16915.77,Corrente,24,12
743,38,6536.78,1480.5,616,20062.41,Digital,23,10
744,28,6675.45,3057.04,680,29473.06,Poupança,19,16
745,54,7109.53,3135.68,444,20681.03,Corrente,30,20
746,53,6632.49,1519.66,626,4503.45,Poupança,19,8
747,52,9409.7,506.77,662,28625.63,Poupança,18,12
748,36,12526.31,2806.01,349,31406.15,Digital,19,10
749,37,5606.27,1452.3,364,46520.57,Corrente,20,12
750,35,3575.49,2632.5,654,3765.06,Poupança,22,9
751,64,6779.29,423.92,463,17428.82,Corrente,16,6
752,58,13449.27,2714.08,440,0.0,Corrente,9,9
753,66,4990.81,1031.06,427,20531.49,Corrente,17,13
754,31,11097.79,2584.61,697,9518.0,Digital,20,9
755,32,11194.25,2011.42,762,34234.46,Digital,26,13
756,48,5616.03,1236.85,486,7253.85,Poupança,18,7
757,18,8422.46,1674.37,489,0.0,Poupança,18,7
758,20,11070.99,2549.05,687,10287.36,Corrente,22,9
759,33,6052.18,2084.72,728,0.0,Corrente,21,9
760,40,6491.05,2467.53,583,22510.99,Corrente,15,9
761,28,5545.8,3581.15,536,0.0,Corrente,29,10
762,29,4463.11,748.61,493,15284.58,Poupança,22,6
763,27,5376.81,3293.77,586,0.0,Poupança,14,7
764,49,3940.15,2083.48,435,11797.02,Corrente,17,8
765,33,7085.21,1280.97,470,31433.78,Corrente,15,3
766,25,5075.07,935.75,458,18606.48,Corrente,18,12
767,55,7584.46,1848.7,500,6365.06,Corrente,21,13
768,29,3110.26,2737.32,786,14687.97,Digital,17,11
769,41,7827.2,1897.96,803,15180.17,Poupança,26,10
770,45,9083.82,3208.92,670,19726.3,Digital,18,10
771,25,2015.66,839.06,402,1331.42,Corrente,18,9
772,45,7935.14,1990.33,424,20925.67,Corrente,21,7
773,53,10069.17,998.09,612,0.0,Corrente,16,8
774,43,3975.9,2290.91,757,8701.15,Digital,24,13
775,25,11181.43,2709.51,529,10117.26,Poupança,13,18
776,67,8047.55,1663.39,496,21333.27,Corrente,23,15
777,45,5237.47,300.0,722,15226.31,Poupança,22,12
778,45,6860.58,2159.16,470,944.37,Corrente,23,7
779,54,8395.82,2349.39,681,5150.07,Poupança,18,12
780,58,7190.01,2323.44,472,16986.8,Digital,16,13
781,53,8346.89,2988.63,752,14209.33,Poupança,27,13
782,44,4698.32,1143.16,649,9208.76,Poupança,19,6
783,34,7423.4,2544.17,793,10191.66,Corrente,21,9
784,26,3465.71,2954.01,303,21961.68,Corrente,12,13
785,50,6721.93,577.13,392,9823.07,Corrente,24,8
786,37,4740.23,2255.72,305,14119.09,Corrente,25,8
787,30,5161.18,1596.66,587,36699.37,Poupança,22,13
788,45,10090.23,1934.78,445,763.17,Poupança,21,11
789,65,9728.28,2278.14,723,0.0,Corrente,18,12
790,46,8522.85,1610.22,756,22835.9,Digital,12,7
791,30,4269.22,1459.43,501,8213.57,Corrente,20,10
792,63,6208.98,2027.32,511,11817.62,Corrente,20,17
793,52,10032.74,1130.2,305,7188.44,Corrente,19,12
794,23,7354.29,1131.34,675,12402.0,Corrente,26,14
795,35,12798.32,2543.5,746,30985.38,Corrente,21,7
796,68,7983.29,1080.96,405,23021.28,Corrente,19,9
797,22,7480.12,2533.05,700,23622.24,Corrente,12,11
798,64,6227.21,2370.07,395,837.73,Digital,12,14
799,42,7333.85,619.35,687,3488.46,Corrente,22,14
800,19,6618.83,1457.95,751,0.0,Corrente,24,6
801,27,8770.27,2955.29,715,6906.19,Corrente,23,16
802,47,9391.76,1215.07,803,24567.03,Poupança,9,10
803,67,5035.03,1628.48,753,20169.47,Corrente,15,11
804,62,3671.92,2369.65,590,12784.87,Digital,19,8
805,22,2409.49,2626.71,833,14777.0,Poupança,20,12
806,50,8269.98,1798.77,492,8111.14,Poupança,19,13
807,18,4241.58,1521.99,449,17047.59,Poupança,26,17
808,35,1617.77,3137.9,814,22658.78,Corrente,14,5
809,49,7971.45,3391.12,692,0.0,Corrente,16,10
810,64,13232.5,2783.09,615,17996.48,Corrente,26,4
811,66,6984.82,2068.25,375,24324.35,Poupança,23,11
812,28,9096.23,1353.39,569,10849.0,Corrente,24,15
813,38,7204.57,1335.64,524,22007.01,Corrente,24,9
814,43,6752.78,2418.01,829,43146.54,Digital,29,9
815,42,9297.69,2334.72,412,13956.57,Corrente,19,9
816,39,6274.31,3121.28,550,18933.07,Digital,25,10
817,44,7668.48,2520.36,532,7619.43,Poupança,15,3
818,66,7804.24,797.54,382,16812.51,Corrente,25,13
819,30,5329.77,2841.56,424,19602.72,Corrente,20,14
820,50,9480.11,1201.55,474,16948.42,Corrente,25,14
821,51,6562.6,1692.82,368,4803.05,Poupança,25,11
822,58,5110.64,2200.16,346,17063.62,Poupança,15,4
823,52,8341.27,3596.53,555,29621.96,Poupança,17,6
824,18,4753.83,4487.93,329,19486.36,Digital,10,10
825,38,7070.45,2485.38,580,24619.87,Poupança,25,13
826,65,6977.2,1853.44,536,12629.88,Corrente,16,11
827,23,9714.74,2427.6,547,22499.0,Corrente,20,10
828,45,8186.75,2710.12,667,17792.68,Digital,19,14
829,34,6937.43,1743.47,794,5490.89,Corrente,22,14
830,22,9044.42,3436.17,324,18185.21,Corrente,15,5
831,48,10475.52,2184.06,789,5083.03,Poupança,19,11
832,22,8394.53,2398.19,793,8671.2,Corrente,21,12
833,55,7025.88,2532.74,613,16893.28,Digital,15,8
834,20,3720.41,2337.27,674,17972.44,Poupança,21,12
835,40,4337.22,2671.15,324,3107.68,Corrente,20,14
836,54,6236.94,1506.2,633,25539.86,Digital,22,14
837,54,5476.22,1553.36,654,20720.06,Corrente,17,7
838,27,6532.57,1119.88,415,7952.72,Corrente,21,9
839,27,7141.62,2351.6,347,0.0,Corrente,21,15
840,36,8324.23,2623.15,398,13550.95,Corrente,24,11
841,34,6823.75,2366.22,758,10540.56,Corrente,21,8
842,38,8216.25,3339.59,822,16131.4,Corrente,20,8
843,31,7161.19,1995.52,704,11368.83,Corrente,21,7
844,26,2061.33,2534.99,513,0.0,Corrente,19,9
845,63,4651.66,1126.64,802,11116.53,Poupança,20,10
846,18,6639.78,1690.32,747,11943.81,Digital,18,8
847,68,3975.76,2556.43,557,21336.61,Corrente,14,10
848,62,8499.82,2679.28,420,8018.0,Corrente,24,15
849,30,10826.88,1764.83,353,31786.75,Corrente,24,6
850,21,10046.9,1942.72,630,0.0,Corrente,21,11
851,18,6466.39,785.7,540,28111.67,Poupança,16,7
852,66,10726.82,1714.38,829,12756.81,Poupança,14,12
853,57,7371.67,2712.31,782,23595.85,Corrente,17,16
854,49,6157.29,2460.16,486,15798.01,Corrente,16,10
855,51,5466.49,2400.53,561,26395.56,Corrente,30,12
856,45,6243.83,2039.82,663,11126.38,Poupança,19,14
857,48,6029.56,2005.65,790,4013.8,Corrente,22,8
858,25,7426.04,1471.74,730,29205.04,Digital,17,2
859,56,7401.43,2559.06,538,13865.19,Poupança,22,14
860,43,7007.62,2336.78,603,17215.58,Corrente,15,12
861,51,8092.35,2393.62,597,27347.52,Poupança,21,14
862,20,9976.62,1579.17,375,4680.45,Digital,14,14
863,67,9373.89,300.0,632,20954.91,Poupança,22,7
864,29,3287.76,2877.72,773,9101.05,Corrente,23,10
865,18,1000.0,1616.93,582,13678.31,Corrente,29,11
866,61,9335.8,1309.78,371,15722.79,Digital,22,12
867,22,3582.8,2554.78,562,0.0,Poupança,30,10
868,47,6438.09,1686.39,311,7211.63,Poupança,17,18
869,47,4074.72,2847.95,440,28510.73,Digital,19,12
870,34,2495.05,2493.6,316,23861.91,Digital,17,15
871,65,8353.66,2546.86,362,14373.6,Digital,16,10
872,64,8897.89,907.24,552,17431.23,Corrente,19,6
873,40,5558.72,2969.56,764,12057.57,Poupança,26,14
874,32,1000.0,2209.0,675,28565.83,Poupança,23,8
875,54,5634.39,1704.58,819,12996.47,Poupança,13,9
876,38,7979.51,2114.71,389,17318.42,Poupança,16,11
877,31,3302.72,579.01,474,26460.3,Corrente,25,11
878,19,7458.4,2326.92,375,7226.29,Poupança,20,9
879,28,6961.73,1176.5,699,30587.89,Poupança,15,9
880,68,8448.23,917.86,370,0.0,Corrente,19,11
881,56,7298.95,782.11,479,31296.42,Corrente,15,13
882,55,4567.33,2890.15,423,11273.24,Corrente,27,3
883,51,9991.43,1496.59,680,12573.01,Corrente,15,10
884,55,6603.68,3226.98,592,0.0,Corrente,23,8
885,67,6931.74,1571.36,494,10452.05,Corrente,17,9
886,51,4666.83,634.11,527,4601.93,Poupança,19,8
887,35,5891.79,1106.78,730,8923.54,Poupança,19,9
888,47,4787.99,2988.65,735,13626.89,Poupança,15,6
889,32,6567.63,1875.28,760,24577.92,Digital,20,9
890,44,11279.27,1561.37,320,17076.03,Corrente,19,12
891,68,3570.25,2128.01,363,18076.77,Corrente,22,15
892,51,2966.1,2401.43,464,4044.81,Digital,27,9
893,69,10677.93,2893.92,326,6192.46,Corrente,21,10
894,55,6476.69,3158.8,610,32987.25,Digital,20,8
895,50,5327.32,1712.19,584,7647.99,Digital,20,13
896,41,9599.76,939.16,580,31562.08,Poupança,21,12
897,32,5485.96,1669.23,463,12569.39,Digital,24,13
898,47,11565.02,2208.22,523,15022.88,Corrente,19,8
899,59,8694.81,1228.99,445,25703.65,Corrente,24,11
900,68,5780.22,1234.28,329,27718.92,Poupança,18,16
901,34,12393.27,2275.03,344,13891.87,Corrente,27,13
902,22,5485.71,1961.08,770,11117.57,Digital,22,12
903,46,8855.24,2026.24,333,14440.8,Corrente,19,9
904,21,7748.23,1393.2,726,18379.58,Poupança,20,14
905,27,10254.35,1815.68,520,23913.04,Poupança,19,9
906,34,10903.78,1260.61,833,15042.3,Poupança,18,13
907,27,7080.01,2712.16,666,21188.86,Corrente,17,8
908,34,5116.46,2828.2,849,31383.6,Corrente,26,11
909,37,8149.93,523.05,415,18813.1,Digital,22,8
910,41,5305.71,1256.39,538,18116.53,Corrente,18,7
911,22,12033.47,802.78,634,0.0,Digital,17,10
912,51,7341.34,1479.98,740,0.0,Poupança,26,9
913,23,6086.7,1933.25,447,18883.76,Poupança,19,14
914,19,7461.7,840.28,308,14051.76,Poupança,20,16
915,30,3632.18,1262.51,587,9852.17,Corrente,25,12
916,60,4570.96,1196.83,687,17435.3,Poupança,19,7
917,60,10001.03,2165.81,349,14395.96,Digital,23,8
918,65,5357.76,2055.48,816,26277.8,Corrente,20,4
919,28,4382.72,1422.61,577,15861.11,Digital,20,10
920,68,8341.63,2141.46,599,7530.77,Corrente,19,16
921,64,9964.26,1562.66,434,24901.66,Corrente,26,16
922,40,8797.38,1782.68,446,12828.69,Corrente,19,11
923,33,9490.12,3338.76,789,20265.37,Digital,23,13
924,48,5108.01,3072.37,777,10225.89,Corrente,19,5
925,28,3445.47,960.34,458,8501.73,Digital,30,8
926,33,10753.33,2663.79,683,15841.68,Digital,20,11
927,25,6193.3,2649.12,462,15128.29,Corrente,17,7
928,21,6372.92,1081.39,740,19798.27,Corrente,17,6
929,57,10320.49,2655.02,488,12313.54,Poupança,22,14
930,21,8390.58,3230.35,714,0.0,Corrente,17,7
931,42,8139.72,1101.96,638,10672.26,Poupança,24,11
932,20,12412.51,1266.0,480,22938.18,Corrente,21,13
933,49,5391.2,2814.13,587,12026.24,Corrente,25,6
934,20,9319.6,2217.2,486,12536.17,Poupança,17,12
935,44,7142.53,2441.18,437,24863.77,Corrente,20,14
936,46,7671.48,2272.47,429,7880.27,Corrente,19,9
937,49,10821.17,2312.56,493,0.0,Corrente,23,9
938,67,8269.59,938.82,615,13393.69,Corrente,15,4
939,68,8345.74,2837.85,443,10158.26,Poupança,16,9
940,36,9681.27,2935.67,315,5337.54,Digital,18,8
941,38,6087.62,1816.49,601,13246.22,Corrente,20,13
942,22,4901.98,1965.22,722,19915.06,Poupança,15,5
943,35,4387.98,775.11,544,14907.11,Poupança,19,7
944,45,2084.11,2411.4,406,18069.81,Corrente,21,10
945,59,12140.52,2457.65,387,33134.08,Corrente,23,10
946,39,4241.98,1950.25,428,11571.21,Digital,16,6
947,38,6446.87,2899.48,640,17783.49,Poupança,30,7
948,23,6307.97,1732.74,303,9907.87,Poupança,20,10
949,18,7768.52,2451.68,626,6536.4,Poupança,11,9
950,22,9039.34,1184.27,709,9150.92,Corrente,14,10
951,58,9151.18,1981.16,605,10212.41,Poupança,20,15
952,29,5542.31,1860.52,524,18594.76,Poupança,15,8
953,43,6582.2,2180.25,647,38490.76,Poupança,18,11
954,63,7706.45,1704.38,620,7839.57,Corrente,17,12
955,51,6378.27,1894.82,480,10833.75,Corrente,16,16
956,66,11018.36,2660.84,685,14368.77,Corrente,19,6
957,31,8227.44,1650.59,407,18957.99,Digital,17,11
958,43,8837.19,714.74,830,17635.51,Corrente,20,6
959,62,8657.2,3399.67,709,27840.96,Corrente,20,8
960,44,9933.68,3105.16,595,0.0,Corrente,28,8
961,26,7452.55,966.19,470,0.0,Corrente,17,19
962,43,3757.92,2551.77,630,10041.22,Poupança,17,14
963,64,7999.22,1597.62,792,25973.0,Poupança,23,17
964,39,5371.61,2210.79,494,0.0,Poupança,12,9
965,64,5678.46,2235.38,311,0.0,Corrente,24,11
966,47,8465.91,1812.47,494,20711.79,Poupança,22,10
967,60,10095.71,1372.99,789,17436.57,Corrente,26,2
968,65,7053.18,1447.57,481,4097.92,Corrente,20,10
969,34,7772.08,1267.05,615,5144.6,Corrente,26,12
970,43,11255.54,1334.54,329,5302.56,Corrente,17,9
971,53,7601.88,1946.26,395,16105.35,Corrente,16,10
972,18,13504.21,1427.39,680,8736.85,Poupança,19,17
973,25,8413.77,2545.64,743,19940.64,Poupança,18,12
974,66,2598.09,3189.8,597,0.0,Digital,15,5
975,52,8883.35,1535.96,660,6431.48,Corrente,16,11
976,69,7952.9,2191.52,673,3739.46,Corrente,18,9
977,32,10224.38,2399.75,602,12436.59,Corrente,13,11
978,64,8682.95,2377.6,720,9619.52,Digital,21,7
979,39,6653.86,2060.76,545,22978.44,Poupança,19,17
980,31,3939.25,2594.15,536,0.0,Poupança,20,9
981,43,6477.44,2385.8,833,15454.91,Corrente,14,14
982,45,4873.7,1009.87,484,20583.36,Poupança,14,14
983,40,5548.69,2695.32,767,33566.47,Corrente,21,14
984,31,8471.45,2709.83,662,10182.34,Poupança,16,6
985,41,11174.76,1389.37,582,18244.59,Digital,16,8
986,19,7986.68,2030.35,635,0.0,Digital,16,14
987,62,4010.29,2546.66,461,0.0,Poupança,20,9
988,43,8111.51,1832.55,459,23447.74,Corrente,15,9
989,31,9991.58,2858.38,773,14944.4,Digital,24,9
990,68,5475.54,3891.1,621,26785.13,Poupança,19,17
991,24,6664.96,1371.21,311,1265.97,Corrente,16,9
992,20,7036.72,895.16,723,20199.02,Corrente,21,8
993,64,5037.75,2243.05,372,33688.18,Corrente,30,13
994,40,8620.7,2577.25,500,19197.06,Corrente,24,13
995,63,6697.63,1815.31,821,17765.82,Corrente,17,13
996,60,8048.83,3162.61,804,15085.56,Poupança,21,13
997,64,4781.27,929.12,338,0.0,Corrente,20,7
998,62,5906.35,2554.33,359,28555.73,Corrente,13,16
999,35,8805.95,1515.31,620,8891.42,Poupança,27,13
1000,55,6067.92,3375.5,734,20044.83,Digital,14,15
